Machine ,"Reason
Remarks",Date Label,"Attended
By","Duration
Log >> Close/Now",Production or Process Defect?
13,4,0,9,0,1
21,4,0,9,18,1
64,4,0,11,13,1
59,0,0,11,10,0
67,1,0,11,9,0
7,0,0,9,3,0
13,4,0,9,5,1
66,0,0,11,30,0
51,0,1,11,16,0
64,0,1,11,6,0
64,0,1,11,6,0
57,1,1,11,11,0
4,4,1,9,8,1
0,0,1,9,3,0
6,1,0,14,30,0
8,4,0,4,19,1
51,0,0,20,12,0
58,0,0,12,15,0
7,0,0,4,36,0
35,0,0,19,19,0
4,1,0,14,5,0
60,3,0,12,5,1
1,1,0,14,11,0
53,3,0,12,11,1
41,0,0,24,11,0
5,4,0,14,36,1
42,3,0,24,16,1
8,0,0,4,16,0
14,0,0,4,20,0
10,0,0,4,13,0
32,0,0,19,8,0
53,1,0,12,15,0
50,3,0,20,8,1
36,3,0,24,25,1
8,1,0,14,20,0
28,0,0,19,15,0
41,0,0,24,8,0
14,1,0,4,6,0
51,3,0,12,3,1
50,3,0,12,24,1
36,3,0,24,10,1
29,0,0,19,40,0
46,0,0,24,14,0
58,4,0,20,34,1
28,1,0,19,28,0
56,1,0,20,32,0
40,0,0,24,26,0
63,0,1,12,7,0
4,1,1,14,13,0
44,3,1,12,7,1
36,3,1,24,9,1
67,1,1,12,11,0
32,4,1,24,18,1
29,0,1,24,11,0
7,1,1,14,17,0
32,0,1,19,25,0
42,3,1,24,8,1
63,0,1,20,22,0
40,1,1,24,11,0
53,1,1,12,13,0
63,0,1,12,14,0
6,1,1,14,17,0
4,0,1,4,12,0
51,0,1,12,11,0
44,0,1,24,19,0
9,4,2,14,33,1
17,0,2,4,9,0
60,0,2,21,7,0
41,4,2,21,48,1
39,1,2,7,10,0
66,1,2,18,14,0
40,1,3,7,38,0
28,0,3,8,19,0
42,3,3,7,17,1
50,0,3,8,5,0
41,4,3,7,26,1
55,1,3,10,12,0
47,0,3,22,17,0
65,1,3,18,10,0
52,0,3,10,9,0
11,0,3,16,9,0
42,1,0,7,12,0
28,1,0,24,26,0
20,0,0,4,9,0
15,0,0,14,7,0
39,1,0,24,33,0
40,1,0,19,20,0
42,3,0,24,19,1
44,3,0,24,27,1
35,3,0,19,25,1
51,4,0,12,10,1
22,0,0,4,23,0
15,0,0,14,5,0
59,3,0,12,12,1
58,0,0,12,26,0
21,0,0,19,24,0
18,1,0,14,28,0
12,0,0,4,12,0
12,0,0,4,30,0
43,0,0,24,7,0
53,3,0,12,11,1
51,4,0,12,5,1
56,1,0,12,18,0
44,1,0,14,6,0
31,1,0,14,10,0
64,0,1,20,7,0
23,3,1,4,9,1
62,3,1,12,11,1
68,1,1,20,10,0
51,3,1,20,5,1
41,0,1,24,8,0
60,0,1,20,15,0
51,3,1,12,1,1
36,0,1,24,3,0
39,3,1,24,13,1
11,0,1,4,18,0
55,3,1,12,6,1
27,1,1,19,7,0
41,0,2,24,11,0
52,1,2,12,9,0
43,1,2,24,6,0
17,0,2,4,9,0
62,0,2,11,10,0
62,0,2,15,18,0
30,1,2,13,14,0
46,0,2,21,19,0
4,1,2,25,22,0
53,0,2,11,6,0
65,0,2,15,6,0
32,0,2,18,15,0
43,1,2,21,6,0
1,0,2,9,2,0
62,0,2,15,9,0
4,0,2,25,23,0
30,1,2,0,31,0
6,0,2,25,17,0
4,0,2,25,47,0
55,0,2,11,14,0
18,4,2,9,12,1
66,0,2,15,6,0
62,3,2,15,13,1
60,0,3,11,5,0
6,0,3,9,11,0
11,0,3,15,46,0
55,0,3,11,34,0
8,1,3,15,22,0
46,0,3,21,19,0
45,4,3,21,12,1
56,0,0,12,14,0
0,0,0,14,14,0
46,0,0,24,10,0
62,0,0,12,12,0
46,0,0,24,11,0
0,0,0,14,15,0
42,3,0,24,4,1
16,0,0,3,13,0
12,0,0,14,12,0
46,0,0,24,15,0
69,4,0,20,23,1
28,1,0,24,13,0
47,0,0,24,10,0
35,4,0,12,14,1
63,1,0,20,22,0
7,0,0,14,18,0
12,0,0,3,17,0
7,0,0,14,21,0
32,1,0,24,16,0
60,0,0,20,8,0
44,0,0,24,42,0
62,0,0,20,15,0
60,0,0,12,4,0
47,1,0,24,10,0
54,0,0,24,10,0
62,4,0,24,13,1
36,0,1,24,2,0
12,3,1,3,18,1
32,3,1,3,26,1
36,0,1,24,5,0
52,4,1,20,26,1
16,1,1,3,10,0
58,3,1,12,6,1
66,0,1,12,9,0
5,1,1,14,8,0
42,3,1,24,11,1
39,0,1,24,8,0
22,1,1,3,29,0
13,4,1,14,4,1
36,0,1,24,15,0
39,3,1,24,30,1
32,0,1,24,9,0
9,0,1,24,32,0
7,0,1,14,8,0
61,3,1,12,8,1
62,0,1,12,47,0
5,0,1,14,46,0
62,0,1,20,9,0
49,1,1,20,16,0
51,4,1,12,10,1
32,0,2,24,5,0
59,0,2,11,8,0
43,0,2,21,8,0
39,0,2,21,5,0
9,0,2,9,57,0
52,3,2,15,11,1
62,0,2,15,35,0
42,3,2,21,4,1
60,4,2,15,9,1
50,0,3,15,10,0
50,0,3,11,16,0
54,1,3,11,10,0
38,1,3,21,35,0
40,1,3,15,11,0
17,1,3,15,10,0
9,3,3,15,7,1
40,0,0,21,12,0
28,0,0,19,25,0
18,3,0,4,13,1
40,0,0,23,18,0
32,0,0,19,20,0
56,0,0,12,12,0
5,4,0,14,5,1
44,0,0,23,17,0
16,0,0,4,8,0
62,0,0,20,39,0
9,0,0,3,18,0
11,0,0,14,9,0
58,1,0,23,7,0
42,1,0,23,22,0
44,3,0,23,17,1
9,0,0,14,13,0
42,3,0,23,11,1
5,3,0,14,42,1
15,1,0,4,14,0
42,1,0,23,7,0
60,1,0,23,4,0
56,0,0,20,19,0
9,0,0,4,16,0
42,3,0,23,25,1
69,1,0,20,7,0
1,3,0,4,11,1
26,1,1,19,22,0
4,4,1,8,12,1
44,1,1,23,11,0
32,0,1,19,3,0
59,3,1,12,23,1
5,1,1,14,18,0
44,1,1,23,21,0
43,1,1,23,6,0
0,1,1,14,12,0
38,3,1,23,9,1
9,0,1,14,16,0
45,0,1,4,9,0
32,0,1,19,17,0
68,0,2,15,2,0
8,0,2,9,5,0
62,0,2,15,11,0
7,1,2,9,28,0
66,0,2,11,5,0
37,0,2,21,16,0
14,1,2,9,11,0
44,0,2,21,16,0
53,0,2,11,7,0
50,0,3,15,12,0
66,0,3,15,13,0
50,0,3,15,5,0
62,3,3,15,21,1
8,4,3,9,22,1
60,3,3,15,1,1
32,0,3,15,23,0
18,0,3,15,25,0
15,0,3,22,16,0
64,4,0,15,11,1
13,3,0,22,14,1
1,1,0,25,12,0
66,1,0,3,9,0
16,4,0,25,11,1
8,0,0,16,20,0
69,1,0,19,7,0
62,1,0,3,19,0
13,4,0,25,22,1
36,0,0,7,3,0
53,3,0,10,13,1
63,1,0,19,10,0
56,3,0,19,8,1
21,4,0,25,7,1
52,3,0,10,6,1
38,1,0,3,7,0
46,4,0,10,15,1
28,1,0,19,13,0
63,3,0,10,13,1
21,0,0,25,13,0
42,1,0,19,21,0
25,3,0,19,19,1
53,1,0,10,11,0
46,1,1,19,23,0
16,0,1,25,11,0
2,0,2,9,7,0
62,0,2,11,10,0
12,0,2,15,6,0
56,1,2,11,17,0
50,0,2,11,4,0
43,3,2,21,10,1
10,0,2,9,14,0
39,0,2,21,23,0
55,0,2,11,3,0
39,4,2,21,9,1
14,1,2,15,8,0
8,0,2,9,2,0
14,1,2,9,23,0
42,1,3,15,5,0
43,0,3,15,18,0
17,0,3,5,12,0
66,0,3,15,6,0
68,1,3,15,26,0
42,0,3,21,11,0
5,0,3,9,8,0
23,0,3,15,7,0
68,4,3,15,9,1
63,1,3,15,15,0
61,1,3,15,16,0
29,0,0,8,12,0
16,4,0,25,17,1
11,0,0,16,18,0
19,4,0,25,23,1
37,4,0,8,9,1
62,4,0,2,7,1
42,3,0,10,16,1
56,0,0,10,10,0
14,1,0,25,14,0
59,4,0,10,16,1
16,1,0,25,38,0
47,1,0,2,6,0
6,1,0,16,11,0
4,0,0,16,6,0
46,0,0,10,28,0
47,0,0,7,21,0
30,0,1,8,18,0
4,0,1,25,53,0
44,0,1,7,6,0
8,0,1,25,6,0
26,1,1,8,13,0
11,4,1,16,16,1
23,3,1,25,17,1
23,0,1,25,23,0
8,3,1,25,15,1
7,1,1,25,17,0
44,0,1,7,21,0
56,0,1,10,12,0
41,0,2,8,13,0
48,1,2,20,54,0
9,1,2,14,45,0
56,0,2,12,10,0
58,3,2,12,9,1
47,0,2,23,21,0
15,0,2,4,13,0
48,1,2,12,10,0
43,1,2,12,8,0
34,0,2,19,27,0
7,0,2,14,12,0
56,3,2,12,15,1
54,0,2,23,7,0
3,3,2,14,19,1
21,1,2,4,13,0
23,0,2,4,8,0
66,1,2,20,14,0
31,1,2,19,5,0
62,0,2,20,4,0
60,0,2,20,2,0
51,3,2,20,6,1
44,1,3,23,11,0
2,0,3,14,7,0
42,0,3,23,13,0
53,3,3,12,30,1
42,1,3,23,28,0
8,3,3,14,48,1
52,0,3,12,22,0
33,0,3,19,8,0
11,0,3,4,24,0
33,0,3,19,26,0
54,3,3,12,8,1
5,1,3,19,13,0
50,0,3,12,21,0
63,4,3,20,33,1
62,4,3,20,20,1
50,4,3,12,3,1
27,0,3,19,16,0
62,4,3,12,14,1
33,0,0,8,18,0
8,0,0,16,23,0
57,0,0,10,38,0
41,1,0,8,15,0
35,1,0,8,13,0
38,1,0,8,17,0
46,1,0,8,14,0
56,1,0,10,22,0
30,0,0,8,5,0
25,0,1,10,10,0
43,1,1,17,9,0
23,3,1,25,13,1
23,3,1,25,38,1
2,0,1,16,8,0
54,3,1,10,20,1
36,0,0,7,12,0
34,0,0,8,35,0
48,1,0,10,40,0
30,4,0,8,48,1
28,0,0,8,42,0
61,0,0,2,43,0
52,0,0,10,28,0
52,0,0,10,36,0
26,4,0,8,15,1
21,1,0,8,48,0
51,3,0,10,45,1
39,4,0,7,22,1
23,4,0,7,27,1
1,1,0,17,27,0
36,4,0,8,40,1
11,0,0,17,31,0
15,0,0,25,21,0
17,0,0,25,35,0
45,0,0,7,46,0
11,0,0,17,10,0
26,4,0,8,48,1
28,0,1,8,27,0
39,4,0,10,53,1
23,0,1,25,56,0
69,1,1,2,33,0
42,0,1,7,6,0
41,0,1,8,29,0
49,3,1,10,22,1
48,0,1,10,10,0
50,0,1,10,11,0
51,4,1,10,38,1
21,0,1,25,36,0
47,0,1,10,35,0
44,3,1,10,39,1
43,1,1,2,40,0
47,4,1,7,22,1
34,0,1,25,43,0
39,3,1,7,22,1
32,4,1,25,23,1
1,1,1,17,25,0
2,0,1,16,12,0
66,1,1,2,19,0
9,0,1,16,37,0
11,0,1,16,33,0
11,0,1,25,14,0
49,1,1,10,25,0
51,0,2,10,17,0
2,0,2,19,21,0
6,3,2,4,19,1
20,0,2,4,23,0
48,4,2,12,29,1
21,1,2,4,45,0
33,0,2,23,26,0
43,0,2,23,10,0
57,0,2,19,13,0
47,0,2,23,42,0
62,0,2,20,32,0
64,0,2,20,21,0
49,0,2,12,39,0
0,0,2,14,9,0
58,4,2,12,56,1
14,0,2,14,33,0
34,1,2,19,12,0
48,0,2,12,54,0
31,1,2,19,17,0
66,0,2,20,56,0
10,3,2,14,16,1
43,0,2,19,44,0
2,0,2,14,41,0
38,1,2,19,16,0
40,1,2,19,36,0
1,1,2,14,47,0
65,0,2,12,7,0
34,0,2,19,13,0
65,0,2,19,16,0
35,0,2,19,12,0
48,0,3,12,20,0
43,0,2,23,59,0
2,0,3,3,25,0
51,1,3,20,17,0
61,0,3,12,10,0
39,1,3,23,7,0
43,0,3,23,11,0
53,0,3,12,23,0
15,0,3,3,25,0
58,4,3,12,23,1
41,0,3,23,2,0
21,0,3,4,34,0
23,0,3,3,11,0
54,3,3,12,1,1
61,3,3,20,2,1
37,1,3,23,9,0
59,3,3,12,18,1
21,0,3,4,22,0
55,3,3,12,13,1
27,1,3,19,32,0
9,3,3,3,26,1
34,1,3,19,11,0
10,3,3,3,6,1
10,3,3,4,54,1
11,0,3,4,46,0
54,3,3,12,5,1
61,0,3,12,9,0
2,1,3,3,48,0
3,1,3,3,11,0
47,0,3,19,23,0
53,0,3,12,17,0
41,0,3,4,18,0
44,3,3,20,29,1
36,0,3,20,17,0
34,1,3,4,13,0
35,0,3,19,32,0
19,0,3,4,13,0
46,0,3,23,28,0
33,0,3,19,12,0
41,0,3,19,34,0
59,3,0,15,16,1
29,0,0,13,10,0
62,0,0,15,6,0
47,3,0,21,15,1
60,0,0,15,3,0
48,1,0,15,13,0
30,4,0,15,12,1
44,0,0,21,10,0
53,0,0,15,3,0
64,4,0,15,2,1
60,1,0,15,23,0
60,0,0,15,26,0
37,4,0,21,20,1
36,4,0,21,6,1
37,1,1,21,19,0
56,0,1,15,4,0
42,3,1,21,57,1
51,0,1,15,15,0
60,1,1,15,19,0
48,1,1,15,8,0
57,0,1,15,8,0
34,1,1,13,21,0
50,3,1,15,22,1
48,0,1,15,14,0
34,1,1,21,26,0
34,1,1,21,11,0
43,0,2,23,23,0
51,1,2,12,19,0
46,0,2,3,24,0
2,4,2,4,17,1
43,0,2,23,8,0
49,3,2,12,1,1
39,4,2,25,30,1
44,0,2,3,25,0
62,0,2,3,16,0
3,3,2,4,43,1
38,4,2,23,14,1
1,0,2,14,31,0
15,0,2,3,13,0
58,4,2,12,13,1
43,0,2,23,7,0
21,1,2,14,29,0
43,1,2,23,9,0
56,0,2,12,23,0
3,0,2,14,36,0
28,0,2,19,11,0
9,0,2,19,12,0
21,3,2,4,15,1
2,1,2,25,26,0
41,1,2,23,15,0
69,0,2,20,5,0
9,0,2,25,17,0
7,0,2,4,9,0
8,0,2,23,7,0
36,0,2,23,24,0
52,0,2,12,15,0
8,0,2,25,9,0
54,0,3,12,1,0
36,0,3,23,16,0
62,3,3,20,23,1
36,0,3,23,24,0
37,3,3,3,12,1
50,0,3,12,10,0
18,1,3,14,29,0
21,4,3,25,35,1
11,1,3,14,16,0
2,1,3,14,5,0
9,0,3,4,13,0
15,0,3,14,43,0
18,1,3,4,19,0
22,1,3,25,13,0
10,1,3,25,2,0
7,0,3,25,4,0
44,0,3,23,11,0
15,0,3,25,16,0
42,0,3,12,11,0
46,3,3,23,29,1
67,3,3,12,10,1
37,1,3,19,18,0
0,4,3,14,38,1
3,0,3,25,41,0
37,1,3,23,37,0
34,1,3,19,30,0
10,1,3,14,8,0
49,3,3,12,7,1
21,1,3,14,27,0
11,4,3,14,14,1
65,4,3,20,15,1
30,1,3,19,11,0
46,3,0,12,25,1
51,3,0,20,8,1
15,0,0,4,7,0
60,0,0,15,9,0
41,0,0,21,10,0
43,0,0,15,6,0
62,3,0,15,14,1
48,0,0,11,8,0
60,0,0,11,13,0
67,0,0,15,5,0
61,0,0,15,45,0
67,0,0,15,12,0
52,0,0,11,23,0
62,3,0,15,9,1
39,1,0,21,17,0
61,0,0,15,39,0
57,0,0,11,12,0
52,0,0,11,7,0
39,3,0,21,38,1
45,0,0,21,8,0
27,0,0,11,14,0
64,4,1,15,7,1
44,0,1,21,33,0
39,1,1,21,16,0
44,0,1,21,13,0
62,3,1,15,52,1
11,0,1,5,12,0
53,0,1,11,15,0
40,0,1,21,52,0
49,0,1,15,6,0
11,0,1,5,9,0
59,3,1,15,18,1
59,0,1,11,16,0
52,1,1,11,3,0
31,0,1,15,29,0
40,0,1,15,4,0
50,0,2,11,5,0
63,3,2,10,10,1
27,0,2,10,24,0
28,0,2,10,29,0
10,3,2,25,14,1
25,4,2,8,8,1
48,0,2,10,7,0
25,0,2,8,12,0
28,0,2,8,7,0
59,3,2,10,52,1
42,4,2,7,10,1
7,1,2,14,37,0
10,3,2,14,31,1
53,1,2,7,14,0
11,1,2,14,10,0
50,0,2,10,11,0
59,3,2,10,31,1
17,1,2,14,8,0
36,3,2,7,2,1
26,0,2,8,30,0
9,0,3,14,23,0
28,3,3,25,18,1
52,3,3,10,3,1
35,4,3,8,6,1
63,4,3,7,7,1
48,0,3,10,24,0
50,0,3,10,14,0
52,3,3,10,13,1
15,1,3,25,6,0
59,3,3,10,10,1
18,1,3,25,26,0
28,1,3,8,6,0
49,4,3,10,9,1
32,3,3,8,6,1
36,0,3,8,16,0
68,1,0,15,14,0
47,4,0,21,23,1
46,0,0,21,17,0
36,4,0,21,27,1
9,1,0,9,4,0
66,1,0,15,20,0
45,4,0,21,5,1
50,0,0,11,8,0
61,3,0,15,13,1
6,0,0,9,11,0
50,0,0,11,22,0
64,0,0,15,6,0
6,0,0,9,9,0
5,4,0,9,4,1
44,4,0,21,9,1
48,1,0,11,2,0
57,0,0,15,5,0
57,0,0,15,18,0
43,0,0,21,11,0
49,4,0,15,14,1
39,0,0,21,25,0
57,0,0,15,18,0
12,3,0,15,7,1
9,0,1,15,6,0
49,0,1,15,51,0
2,4,1,9,59,1
29,0,1,13,6,0
65,0,1,11,12,0
66,0,1,15,8,0
68,4,1,15,15,1
49,0,1,15,2,0
11,4,1,9,10,1
49,0,1,11,23,0
65,0,1,15,14,0
37,3,1,21,5,1
63,0,1,11,4,0
59,0,2,15,4,0
17,0,2,25,26,0
59,0,2,10,49,0
17,0,2,25,11,0
23,3,2,25,22,1
17,0,2,25,25,0
51,3,2,10,3,1
31,0,2,12,23,0
26,4,2,12,17,1
65,0,2,20,37,0
4,0,2,16,27,0
7,3,2,25,12,1
40,3,2,7,11,1
5,3,2,25,25,1
17,0,2,25,23,0
43,0,2,7,3,0
64,1,2,20,47,0
3,3,3,25,28,1
25,1,3,25,11,0
5,1,3,25,16,0
48,0,3,10,12,0
39,4,3,7,14,1
34,1,3,8,9,0
17,0,3,25,17,0
64,0,3,20,4,0
25,1,3,8,3,0
66,0,3,12,38,0
49,0,3,10,24,0
53,0,3,10,9,0
7,0,0,25,18,0
61,0,0,11,17,0
69,0,0,3,8,0
49,0,0,11,28,0
59,0,0,3,18,0
65,0,0,11,17,0
1,4,0,9,7,1
54,0,0,11,12,0
61,1,0,3,7,0
7,0,0,9,49,0
60,0,0,3,5,0
64,0,0,3,9,0
2,4,0,9,8,1
59,0,0,11,6,0
67,0,0,3,12,0
7,0,0,11,9,0
65,0,0,3,13,0
67,0,0,11,20,0
54,1,0,3,16,0
18,4,0,22,5,1
65,0,0,3,3,0
42,0,0,3,3,0
43,1,0,3,19,0
65,0,0,3,9,0
68,0,0,11,30,0
54,0,1,11,9,0
49,0,1,3,5,0
57,0,1,3,5,0
39,3,1,21,33,1
2,0,1,11,48,0
68,0,1,3,6,0
15,1,2,25,20,0
27,0,2,8,43,0
2,4,2,16,38,1
7,4,2,25,31,1
7,1,3,16,34,0
21,3,3,25,14,1
46,0,3,7,42,0
46,0,3,7,18,0
32,1,3,8,15,0
44,3,3,7,20,1
61,0,0,20,39,0
27,3,0,19,10,1
15,0,0,4,17,0
54,0,0,19,5,0
46,1,0,23,17,0
57,0,0,12,3,0
49,0,0,12,9,0
56,1,0,12,23,0
41,1,0,23,27,0
28,4,0,19,6,1
66,0,0,20,18,0
31,1,0,19,11,0
52,1,0,12,29,0
40,1,0,23,10,0
57,1,0,12,17,0
64,0,0,20,28,0
43,1,0,23,18,0
39,3,0,23,6,1
17,0,0,14,10,0
44,3,0,23,26,1
62,4,0,20,15,1
41,4,0,23,23,1
40,1,0,23,10,0
46,4,0,23,5,1
21,3,0,4,9,1
44,3,0,23,24,1
50,4,0,12,18,1
7,3,0,4,28,1
46,0,0,23,35,0
39,3,0,12,29,1
41,1,1,23,24,0
59,3,1,12,19,1
60,0,1,20,17,0
45,1,1,23,39,0
64,0,1,20,10,0
16,0,1,14,7,0
49,3,1,12,5,1
51,3,1,20,5,1
54,1,1,12,16,0
64,0,1,20,25,0
64,0,1,12,21,0
51,3,2,12,2,1
17,0,2,4,17,0
51,1,2,12,1,0
39,3,2,21,16,1
25,4,2,8,21,1
18,1,2,25,5,0
32,4,2,21,11,1
59,0,2,15,18,0
40,0,2,15,8,0
2,0,2,16,15,0
1,1,2,25,27,0
53,0,2,15,4,0
2,0,2,16,15,0
15,3,2,25,14,1
64,0,2,15,12,0
57,0,3,15,6,0
66,0,3,15,8,0
0,0,3,25,51,0
61,0,3,15,13,0
50,0,3,15,4,0
23,3,3,25,32,1
29,1,3,8,5,0
23,1,3,25,25,0
65,0,3,15,12,0
29,1,3,8,15,0
62,0,0,20,54,0
45,4,0,12,18,1
49,3,0,12,13,1
13,3,0,14,3,1
0,1,0,14,25,0
52,0,0,12,18,0
57,0,0,20,8,0
68,1,0,20,11,0
57,0,0,12,4,0
40,1,0,23,9,0
7,0,0,14,9,0
57,1,0,12,38,0
68,1,0,20,12,0
20,0,0,4,23,0
49,1,0,12,3,0
48,4,0,12,20,1
65,0,0,12,21,0
57,0,0,14,12,0
61,3,1,12,3,1
61,0,1,3,11,0
20,1,1,4,33,0
62,0,1,20,25,0
40,1,1,23,13,0
48,4,1,12,12,1
51,4,1,20,12,1
49,0,1,12,32,0
32,1,1,23,15,0
53,1,1,12,13,0
12,1,1,4,9,0
8,0,1,3,15,0
32,3,1,19,37,1
65,0,1,20,22,0
68,4,1,20,36,1
64,4,1,12,21,1
40,1,1,3,48,0
8,3,1,23,59,1
46,0,0,24,25,0
47,0,0,3,33,0
28,4,0,4,40,1
36,3,0,24,16,1
3,1,0,14,28,0
39,3,0,3,22,1
1,1,0,14,39,0
9,1,0,14,6,0
50,4,0,12,8,1
50,4,0,12,3,1
47,0,0,24,18,0
61,0,0,12,11,0
48,1,0,12,6,0
39,0,0,24,18,0
16,1,0,4,11,0
33,0,0,4,44,0
39,1,1,24,13,0
29,1,1,19,34,0
42,1,1,24,12,0
13,0,1,4,9,0
48,4,1,12,14,1
22,0,1,4,30,0
43,1,1,24,7,0
50,1,1,12,4,0
58,4,1,12,1,1
0,0,1,14,4,0
44,3,1,24,7,1
38,1,1,4,13,0
6,1,1,14,8,0
9,3,1,14,36,1
41,3,1,24,5,1
35,0,1,19,28,0
48,3,2,12,1,1
41,0,2,24,8,0
54,3,2,12,2,1
41,0,2,21,13,0
47,0,2,21,5,0
61,3,2,25,11,1
66,1,2,11,18,0
34,0,2,13,17,0
61,3,2,25,15,1
67,1,3,25,18,0
30,1,3,13,17,0
17,0,3,22,42,0
61,3,3,15,17,1
61,3,3,15,17,1
66,4,3,15,14,1
60,0,3,15,12,0
58,0,0,8,14,0
47,1,0,24,7,0
61,0,0,8,29,0
14,0,0,4,8,0
29,0,0,19,12,0
42,1,0,24,15,0
56,1,0,20,13,0
60,0,0,8,6,0
9,0,0,14,23,0
47,0,0,24,17,0
33,0,0,19,16,0
64,4,0,20,18,1
15,1,0,1,10,0
68,1,0,20,14,0
60,4,0,8,8,1
50,4,0,8,27,1
47,0,0,19,15,0
60,0,0,20,55,0
61,3,1,20,33,1
29,1,1,24,16,0
30,1,1,24,12,0
58,4,1,8,24,1
48,3,1,20,15,1
53,4,1,20,20,1
37,1,1,24,12,0
17,4,1,4,11,1
46,3,1,24,13,1
68,3,1,20,6,1
60,0,1,8,10,0
26,0,1,19,22,0
2,1,1,14,39,0
60,0,1,20,10,0
34,0,1,19,16,0
5,4,2,9,2,1
49,1,2,11,11,0
69,4,2,15,15,1
65,1,2,15,35,0
2,1,2,9,5,0
59,0,2,11,7,0
49,3,2,15,30,1
52,0,2,11,16,0
59,3,2,15,8,1
69,0,2,15,12,0
22,1,2,9,4,0
45,0,3,13,10,0
2,0,3,9,5,0
40,1,3,11,7,0
21,4,3,15,18,1
45,0,0,10,7,0
25,4,0,8,16,1
49,3,0,10,10,1
39,3,0,12,7,1
63,0,0,2,11,0
60,3,0,12,20,1
4,3,0,25,17,1
14,1,0,25,13,0
35,1,0,8,36,0
43,1,0,12,52,0
37,1,0,12,14,0
30,0,0,8,9,0
49,3,1,10,4,1
46,1,1,10,12,0
47,1,1,12,18,0
45,3,1,12,5,1
11,1,1,16,28,0
54,0,1,10,9,0
0,0,1,16,5,0
55,0,1,10,6,0
60,1,2,15,28,0
36,0,2,21,31,0
14,4,2,9,12,1
57,4,2,15,6,1
69,4,3,15,32,1
35,4,3,13,39,1
1,1,3,9,5,0
0,0,3,9,29,0
48,0,3,11,8,0
6,1,3,9,7,0
65,4,3,15,27,1
55,0,3,11,8,0
48,1,3,11,4,0
55,0,0,11,18,0
17,0,0,25,24,0
47,1,0,7,32,0
8,1,0,16,19,0
32,3,0,8,14,1
32,3,0,8,22,1
36,3,0,7,10,1
69,4,0,8,12,1
5,1,0,25,12,0
32,1,0,8,6,0
46,3,0,7,6,1
37,1,0,8,15,0
48,4,0,10,29,1
49,0,0,10,7,0
52,1,0,10,22,0
12,0,0,25,15,0
33,4,0,8,9,1
34,1,0,8,5,0
7,0,0,16,50,0
46,1,1,7,11,0
32,1,1,8,23,0
46,3,1,7,10,1
28,1,1,8,17,0
16,0,0,4,24,0
6,0,0,19,7,0
29,0,0,19,13,0
41,1,0,23,5,0
42,0,0,23,7,0
34,0,0,19,29,0
51,0,0,24,10,0
56,0,0,24,7,0
49,4,0,24,7,1
34,4,0,19,10,1
46,1,0,23,10,0
34,0,0,19,19,0
40,4,0,23,13,1
22,1,0,4,37,0
34,0,0,23,13,0
62,1,0,24,9,0
34,4,0,23,12,1
5,0,0,4,8,0
11,0,0,4,25,0
31,3,0,24,8,1
2,0,0,4,55,0
52,0,0,24,50,0
64,3,0,20,17,1
62,3,0,24,13,1
32,0,0,23,17,0
21,1,0,23,26,0
52,0,0,23,39,0
3,4,1,4,35,1
60,1,1,1,11,0
60,3,1,20,12,1
30,1,1,19,13,0
52,3,1,24,10,1
43,0,1,24,6,0
43,1,1,23,14,0
15,0,1,24,31,0
29,0,1,23,7,0
31,0,1,19,7,0
46,0,1,23,7,0
8,0,1,23,11,0
21,1,1,23,16,0
48,3,1,24,6,1
35,0,1,19,32,0
60,0,1,20,17,0
2,0,1,4,42,0
69,4,1,20,16,1
56,3,2,24,5,1
2,3,2,4,11,1
57,0,2,10,17,0
51,0,2,10,8,0
57,0,2,7,53,0
48,3,2,8,6,1
32,0,2,8,24,0
62,0,3,10,34,0
34,4,3,7,27,1
55,0,3,10,29,0
43,3,3,7,12,1
35,4,3,8,6,1
62,0,3,10,23,0
26,3,3,8,4,1
23,3,3,6,14,1
25,1,3,8,12,0
65,0,3,7,9,0
35,4,3,8,16,1
62,0,0,10,10,0
6,3,0,19,15,1
45,0,0,24,5,0
52,3,0,24,21,1
14,0,0,4,8,0
44,4,0,23,22,1
54,1,0,19,22,0
20,0,0,19,15,0
36,1,0,23,15,0
44,4,0,23,10,1
5,0,0,4,31,0
38,1,0,23,9,0
40,1,0,23,12,0
48,1,0,24,8,0
29,0,0,19,7,0
39,3,0,24,8,1
8,0,0,19,11,0
43,0,0,23,8,0
52,0,0,24,6,0
7,0,0,24,7,0
4,1,1,4,34,0
58,1,1,24,31,0
21,1,1,4,16,0
2,0,1,20,16,0
52,0,1,24,15,0
44,4,1,24,6,1
12,3,1,4,17,1
13,4,1,4,5,1
12,0,1,4,8,0
31,4,1,23,18,1
61,0,1,24,7,0
31,0,1,23,23,0
55,3,1,24,3,1
69,0,1,20,21,0
44,4,1,24,15,1
35,4,1,23,9,1
3,0,1,4,11,0
45,0,1,23,30,0
3,0,1,20,9,0
68,1,1,20,28,0
48,4,1,24,6,1
61,0,2,20,17,0
58,1,2,11,10,0
27,0,2,13,45,0
63,1,2,15,6,0
2,4,2,9,9,1
62,4,2,15,31,1
69,3,2,15,23,1
31,0,2,15,8,0
69,0,3,15,8,0
11,1,3,9,12,0
59,0,3,11,9,0
61,0,3,15,29,0
52,0,3,11,16,0
61,0,0,15,17,0
66,1,0,20,15,0
52,1,0,12,11,0
53,1,0,12,4,0
26,0,0,19,14,0
64,1,0,20,14,0
43,3,0,23,6,1
55,1,0,12,17,0
7,3,0,24,14,1
2,0,0,14,18,0
56,1,0,23,6,0
49,3,0,23,10,1
12,0,0,24,11,0
32,1,0,23,10,0
58,1,0,12,11,0
12,3,0,24,8,1
45,1,0,23,12,0
26,1,0,19,22,0
50,3,0,12,3,1
54,1,0,12,19,0
21,1,0,24,7,0
62,4,0,20,14,1
50,1,0,12,7,0
43,1,0,23,38,0
60,1,0,1,20,0
39,0,0,24,3,0
49,3,0,12,1,1
33,0,0,19,35,0
60,4,0,20,48,1
49,0,0,12,4,0
15,0,0,24,12,0
7,4,0,14,11,1
7,4,0,14,0,1
42,0,0,23,7,0
49,3,0,20,1,1
2,1,0,12,21,0
5,1,0,12,14,0
41,4,0,12,3,1
43,1,1,23,4,0
18,4,1,24,16,1
69,0,1,12,19,0
64,1,1,20,13,0
7,0,1,19,29,0
59,0,1,12,29,0
60,1,1,12,28,0
40,3,1,24,11,1
28,0,1,19,15,0
18,4,1,24,10,1
17,3,1,14,17,1
15,0,1,24,11,0
9,0,1,14,19,0
63,1,1,20,40,0
20,0,1,14,6,0
61,1,1,20,50,0
63,1,1,12,13,0
63,1,1,12,16,0
63,1,1,12,5,0
2,4,1,12,14,1
46,0,1,23,10,0
61,1,1,20,21,0
6,3,1,14,12,1
49,1,1,12,9,0
53,4,2,12,16,1
63,1,2,20,9,0
66,4,2,15,4,1
66,0,2,15,7,0
28,1,2,0,19,0
59,0,2,11,6,0
18,1,2,9,14,0
61,4,2,15,7,1
59,0,2,15,6,0
46,0,2,21,8,0
66,4,2,15,3,1
66,4,2,15,11,1
50,0,2,11,2,0
66,0,2,15,8,0
5,4,2,15,12,1
65,4,2,15,9,1
48,3,2,11,3,1
31,0,3,13,15,0
63,0,3,15,23,0
39,4,3,21,2,1
66,4,3,15,7,1
0,0,3,9,46,0
7,0,3,9,31,0
2,0,3,9,6,0
61,4,3,11,10,1
65,0,3,15,21,0
64,4,3,15,10,1
66,4,3,15,10,1
53,1,0,12,14,0
33,0,0,19,31,0
21,1,0,7,14,0
53,1,0,12,6,0
0,0,0,7,24,0
46,1,0,23,13,0
37,1,0,19,29,0
57,1,0,12,35,0
43,3,0,23,16,1
17,0,0,14,30,0
65,0,0,3,42,0
63,0,0,12,29,0
40,1,0,23,18,0
18,1,0,14,38,0
47,1,0,23,36,0
59,0,0,20,35,0
18,4,0,14,13,1
65,1,0,20,7,0
7,0,0,7,7,0
7,0,1,14,20,0
56,1,1,3,13,0
61,0,1,12,10,0
31,1,1,19,36,0
63,0,1,20,24,0
7,0,1,14,9,0
7,0,1,14,13,0
43,0,1,23,8,0
62,3,1,3,2,1
2,0,1,14,7,0
19,1,1,7,12,0
9,1,1,14,11,0
28,0,1,19,17,0
42,1,1,23,12,0
15,0,1,7,32,0
45,0,1,20,29,0
21,1,1,7,14,0
43,1,1,23,7,0
29,0,1,19,5,0
48,3,1,12,3,1
62,4,2,8,12,1
40,1,2,23,16,0
60,0,2,20,3,0
13,1,0,25,16,0
17,0,0,25,21,0
39,1,0,7,17,0
32,0,0,2,4,0
16,3,0,25,27,1
23,3,0,25,33,1
43,4,0,7,10,1
8,3,0,25,21,1
46,0,0,7,16,0
29,0,0,2,42,0
54,0,0,10,39,0
60,4,0,18,6,1
10,0,0,16,27,0
11,0,0,16,27,0
13,1,0,25,43,0
7,0,0,16,6,0
4,1,1,16,23,0
64,0,0,7,31,0
55,1,1,10,44,0
57,1,1,10,30,0
17,1,1,25,21,0
45,4,1,7,25,1
62,0,1,18,10,0
18,1,1,25,28,0
23,0,1,25,42,0
28,1,2,24,10,0
40,3,2,24,8,1
66,4,2,20,11,1
42,4,2,23,28,1
15,0,2,14,19,0
46,0,2,23,10,0
56,1,2,12,14,0
27,0,2,24,25,0
62,4,2,12,7,1
48,0,2,12,5,0
20,0,2,14,18,0
38,1,2,23,30,0
62,1,2,12,13,0
42,4,2,23,19,1
30,0,2,24,27,0
48,1,2,20,43,0
21,3,2,3,14,1
7,1,2,14,22,0
30,0,2,24,16,0
4,1,2,14,7,0
26,4,2,24,28,1
47,4,3,23,16,1
64,0,3,12,14,0
50,1,3,23,15,0
34,0,3,24,9,0
36,4,3,23,8,1
11,1,3,3,14,0
39,1,3,23,6,0
18,1,3,3,10,0
15,1,3,14,8,0
43,1,3,23,7,0
7,0,3,14,14,0
12,3,3,3,2,1
39,3,3,23,16,1
34,3,3,24,6,1
8,1,3,14,5,0
0,0,3,14,9,0
61,1,3,14,14,0
33,0,3,24,23,0
43,0,3,12,2,0
39,0,3,12,6,0
33,0,3,12,18,0
33,0,0,8,24,0
8,0,0,16,31,0
31,0,0,8,18,0
23,3,0,25,31,1
19,1,0,25,23,0
46,1,0,10,20,0
30,4,0,8,1,1
0,0,1,25,35,0
5,1,1,16,17,0
43,3,1,7,16,1
67,3,1,18,4,1
0,0,2,16,6,0
0,0,2,14,50,0
49,1,2,20,8,0
43,0,2,23,37,0
35,0,2,19,13,0
12,0,2,4,11,0
34,1,2,19,25,0
65,1,2,20,20,0
28,1,2,1,19,0
60,0,2,20,36,0
55,4,2,20,28,1
9,0,2,14,21,0
54,0,2,12,8,0
21,3,2,14,46,1
35,0,2,19,37,0
46,0,2,23,14,0
46,0,2,23,18,0
5,0,2,14,20,0
54,3,2,12,10,1
18,4,2,23,15,1
18,1,2,4,19,0
54,0,3,23,11,0
54,0,3,12,8,0
21,0,3,4,19,0
54,4,3,12,6,1
50,4,3,12,22,1
33,1,3,19,22,0
50,4,3,12,7,1
36,4,3,23,16,1
18,1,3,14,15,0
28,0,3,19,26,0
9,4,3,4,24,1
26,0,3,19,6,0
62,1,3,4,22,0
4,3,3,14,13,1
6,1,0,9,6,0
64,4,0,15,20,1
5,0,0,9,3,0
7,0,0,9,21,0
65,4,0,15,7,1
29,0,0,13,24,0
30,1,0,13,31,0
8,0,0,15,10,0
64,3,1,15,14,1
32,4,1,13,22,1
67,1,1,15,5,0
35,3,2,19,22,1
29,3,2,23,6,1
7,3,2,14,42,1
48,1,2,20,14,0
47,4,2,23,18,1
60,1,2,1,15,0
56,4,2,12,14,1
2,4,2,4,21,1
27,1,2,23,8,0
35,0,2,19,23,0
43,1,2,23,11,0
33,0,2,19,25,0
37,1,2,23,7,0
18,4,2,4,20,1
12,3,2,4,13,1
42,1,2,23,5,0
28,0,2,4,41,0
45,1,2,3,7,0
59,1,2,12,23,0
42,1,2,3,8,0
44,0,2,12,4,0
61,1,2,1,14,0
68,0,2,20,16,0
35,3,2,19,13,1
64,0,2,20,12,0
48,3,3,12,0,1
28,4,3,24,10,1
9,1,3,14,19,0
27,1,3,24,25,0
34,3,3,23,5,1
28,0,3,24,14,0
27,0,3,24,19,0
7,3,3,14,19,1
32,0,3,24,13,0
28,4,3,24,4,1
62,1,3,1,12,0
66,0,3,20,17,0
28,4,3,24,20,1
55,4,3,20,20,1
47,0,3,24,25,0
3,1,3,14,3,0
28,0,3,24,18,0
20,0,3,4,7,0
35,0,0,24,7,0
11,3,0,22,8,1
55,0,0,11,6,0
35,4,0,22,29,1
13,0,0,22,5,0
29,1,0,13,15,0
42,0,0,11,6,0
69,1,0,15,21,0
28,1,1,13,12,0
68,4,1,15,29,1
52,0,1,11,26,0
68,0,1,15,4,0
55,0,1,11,3,0
60,1,1,11,12,0
14,3,1,22,25,1
59,0,1,11,15,0
13,0,2,25,10,0
30,1,2,8,2,0
66,1,2,18,31,0
11,1,2,25,20,0
27,1,2,8,19,0
28,1,2,8,14,0
1,4,2,25,52,1
7,1,2,16,23,0
50,4,2,2,12,1
27,1,3,8,17,0
1,1,3,25,10,0
63,4,3,18,6,1
9,0,3,16,9,0
9,3,3,25,17,1
1,0,0,9,14,0
5,4,0,9,4,1
17,1,0,22,20,0
43,0,1,5,3,0
63,0,1,5,2,0
59,3,1,5,9,1
49,1,1,11,12,0
54,0,2,11,3,0
59,1,2,11,4,0
68,4,0,15,54,1
60,0,0,9,30,0
32,0,1,15,6,0
1,4,1,9,22,1
57,1,0,11,36,0
17,0,1,5,8,0
20,4,1,5,9,1
7,0,1,9,17,0
68,1,1,15,13,0
64,0,1,15,12,0
68,1,1,15,21,0
69,4,1,15,14,1
64,4,1,15,11,1
59,0,1,11,42,0
33,4,1,13,17,1
1,4,1,9,25,1
51,4,1,15,8,1
59,0,1,15,37,0
47,3,1,15,18,1
1,0,1,9,13,0
64,0,2,15,4,0
13,1,2,25,13,0
25,1,2,8,18,0
22,0,2,25,6,0
13,1,2,25,33,0
27,4,2,8,10,1
45,4,2,7,35,1
16,3,2,25,37,1
19,1,2,25,50,0
28,4,2,8,16,1
56,0,2,10,28,0
13,1,2,25,36,0
53,0,2,10,10,0
16,0,2,25,15,0
48,4,2,10,17,1
33,4,2,8,14,1
1,0,3,25,25,0
34,1,3,8,9,0
19,1,3,25,22,0
1,0,3,16,6,0
29,4,3,8,10,1
59,0,3,10,37,0
16,0,3,25,35,0
40,4,3,7,28,1
22,4,3,8,21,1
15,1,3,25,15,0
59,0,3,10,46,0
22,4,3,25,23,1
50,4,3,10,12,1
4,0,3,25,54,0
19,1,3,25,28,0
12,3,3,25,25,1
64,1,3,18,30,0
59,0,3,10,41,0
66,0,0,18,5,0
64,0,0,20,19,0
42,3,0,21,30,1
55,0,0,12,17,0
2,0,0,14,36,0
16,1,0,14,43,0
2,3,0,3,16,1
33,0,0,19,16,0
50,0,0,15,10,0
26,1,0,19,33,0
33,0,0,19,16,0
27,3,0,19,28,1
1,4,0,14,38,1
51,4,0,12,13,1
32,0,0,3,5,0
2,1,0,3,17,0
3,1,0,3,21,0
2,0,0,12,16,0
26,3,0,19,11,1
7,4,0,22,11,1
42,3,0,12,11,1
68,1,0,20,15,0
28,1,0,19,35,0
30,1,0,19,12,0
6,1,0,14,30,0
55,1,0,12,10,0
10,1,0,14,15,0
46,0,0,19,22,0
33,1,1,19,12,0
22,3,1,21,8,1
66,1,1,20,11,0
50,0,1,15,11,0
7,0,1,14,12,0
5,0,1,14,20,0
60,3,1,20,1,1
19,0,1,22,24,0
27,1,1,19,8,0
49,1,1,20,11,0
46,0,1,12,26,0
61,0,1,15,6,0
51,4,1,15,5,1
62,1,1,20,18,0
61,3,1,20,10,1
7,1,1,14,21,0
43,0,1,21,16,0
61,0,1,20,9,0
55,1,1,12,7,0
54,0,1,15,10,0
60,3,1,20,8,1
50,3,1,20,21,1
8,4,2,14,3,1
64,4,2,18,11,1
43,4,2,7,9,1
25,1,2,17,4,0
29,4,2,8,4,1
23,3,2,25,19,1
29,4,2,8,27,1
58,0,2,8,4,0
58,0,2,10,4,0
65,0,3,18,21,0
28,4,3,8,21,1
13,1,3,25,28,0
1,0,3,16,6,0
7,0,3,16,21,0
59,0,3,10,30,0
18,1,3,25,47,0
32,3,3,8,12,1
32,0,3,25,45,0
13,0,3,25,15,0
42,0,3,7,11,0
33,0,0,8,10,0
21,1,0,25,6,0
14,1,0,24,15,0
3,3,0,14,22,1
12,1,0,3,17,0
20,1,0,3,10,0
61,1,0,20,50,0
22,1,0,3,33,0
45,1,0,23,37,0
46,3,0,23,18,1
39,1,0,23,38,0
1,4,0,14,11,1
34,1,0,19,23,0
16,1,0,3,18,0
43,1,0,23,22,0
39,1,0,23,5,0
46,1,0,23,8,0
33,1,0,19,11,0
12,0,0,3,12,0
42,3,0,12,24,1
38,1,0,23,12,0
44,3,0,23,18,1
52,1,0,12,8,0
2,0,0,14,13,0
20,4,0,14,15,1
44,4,0,12,11,1
50,3,0,12,1,1
9,0,0,19,31,0
1,4,0,14,14,1
34,4,0,12,47,1
30,1,0,12,6,0
39,3,0,12,3,1
27,0,1,3,16,0
2,4,1,14,26,1
42,3,1,19,13,1
12,3,1,14,15,1
38,1,1,23,9,0
46,3,1,23,36,1
33,1,1,19,12,0
9,0,1,14,11,0
2,0,1,14,13,0
55,4,1,12,19,1
11,1,1,14,27,0
69,3,1,20,20,1
50,3,1,12,8,1
41,0,1,23,7,0
37,1,1,23,13,0
61,1,1,12,4,0
50,4,1,12,2,1
8,1,1,14,26,0
59,0,1,12,12,0
30,1,1,12,22,0
32,1,1,12,29,0
65,0,1,20,16,0
51,1,1,1,7,0
22,0,1,3,15,0
3,1,1,14,15,0
43,4,1,23,4,1
65,0,1,20,11,0
2,0,2,9,8,0
25,0,2,13,10,0
32,1,2,13,11,0
67,0,2,15,9,0
7,0,2,9,8,0
53,0,2,15,19,0
60,0,2,15,10,0
43,0,2,15,38,0
20,4,2,15,8,1
0,0,2,11,35,0
2,3,2,15,20,1
64,0,3,15,10,0
62,0,3,15,3,0
6,0,3,9,11,0
62,3,3,15,13,1
2,0,3,9,21,0
64,1,3,11,10,0
2,0,3,15,34,0
37,0,3,15,9,0
2,3,0,14,34,1
48,4,0,12,6,1
53,4,0,12,13,1
67,4,0,20,27,1
19,1,0,3,15,0
15,1,0,19,16,0
7,1,0,14,4,0
34,1,0,23,9,0
22,3,0,14,8,1
27,1,0,19,11,0
7,1,0,14,5,0
47,1,0,23,9,0
15,3,0,14,5,1
41,0,0,19,12,0
48,0,0,20,7,0
53,4,0,12,9,1
56,1,0,20,41,0
2,0,0,20,8,0
37,0,1,19,6,0
5,1,1,14,7,0
66,0,1,12,11,0
12,1,1,3,8,0
38,0,1,23,15,0
64,1,1,1,18,0
38,1,1,23,18,0
62,4,1,12,34,1
54,3,1,20,6,1
9,1,1,3,13,0
34,1,1,12,40,0
8,0,1,14,53,0
61,4,1,20,7,1
39,0,1,20,20,0
28,1,1,20,20,0
68,4,1,12,23,1
8,0,1,14,8,0
49,1,1,12,10,0
48,3,2,12,6,1
42,1,2,23,9,0
15,1,2,3,11,0
60,3,2,15,40,1
53,1,2,11,12,0
12,4,2,9,52,1
7,1,2,9,5,0
46,1,2,15,37,0
43,1,2,11,16,0
2,0,2,15,28,0
25,0,3,13,4,0
62,1,3,15,21,0
64,4,3,15,7,1
3,1,3,11,6,0
65,1,0,15,13,0
32,0,0,15,6,0
61,0,0,15,8,0
20,3,0,19,7,1
6,1,0,8,13,0
19,0,0,8,5,0
3,4,0,8,10,1
59,1,0,1,19,0
0,1,0,25,6,0
55,1,0,12,13,0
26,1,0,19,22,0
43,1,0,12,41,0
54,0,0,12,10,0
23,1,0,25,14,0
61,4,0,20,24,1
57,1,0,12,8,0
54,3,0,12,16,1
7,1,0,8,12,0
10,0,0,19,10,0
5,4,0,8,11,1
12,0,0,25,6,0
9,1,0,8,11,0
13,4,0,25,9,1
50,4,0,12,3,1
22,3,0,25,14,1
56,0,0,12,7,0
53,4,0,7,12,1
12,1,0,25,6,0
56,0,0,20,22,0
66,3,0,20,17,1
34,1,0,12,19,0
13,0,0,25,11,0
55,1,0,12,5,0
62,3,0,19,14,1
0,0,1,8,4,0
39,0,1,18,8,0
50,1,1,12,21,0
12,0,1,25,15,0
33,1,1,19,23,0
49,1,1,12,1,0
31,4,1,12,19,1
4,1,1,12,31,0
12,4,2,22,27,1
11,0,2,9,20,0
44,4,2,15,58,1
64,4,3,15,7,1
48,0,3,11,4,0
20,0,3,22,6,0
46,3,3,15,26,1
29,4,0,8,30,1
18,4,0,16,52,1
61,4,0,18,11,1
31,1,0,8,27,0
65,4,0,18,12,1
13,1,0,16,11,0
25,1,0,17,12,0
26,4,0,8,5,1
13,0,1,25,15,0
12,4,1,25,12,1
64,4,1,18,15,1
9,1,1,25,16,0
26,1,1,8,11,0
28,0,1,8,5,0
29,4,1,8,15,1
11,1,1,16,22,0
25,1,2,13,12,0
66,1,2,15,9,0
13,4,2,5,10,1
11,4,2,5,8,1
61,3,2,15,11,1
48,1,3,11,41,0
68,4,3,15,22,1
61,0,3,11,15,0
25,3,3,21,8,1
64,4,3,15,7,1
66,1,3,15,8,0
59,0,3,11,5,0
48,1,3,11,10,0
15,0,3,15,8,0
28,1,3,13,12,0
34,1,0,8,30,0
27,1,0,16,42,0
56,1,0,10,14,0
1,1,0,16,7,0
13,1,0,25,12,0
19,1,0,25,10,0
59,0,0,10,26,0
13,1,0,25,18,0
29,0,0,8,49,0
31,1,0,8,5,0
28,0,0,8,10,0
69,0,0,18,16,0
12,3,0,25,20,1
2,0,0,16,6,0
15,1,0,25,50,0
29,4,1,8,3,1
19,1,1,25,25,0
17,0,1,25,29,0
55,1,1,10,16,0
12,3,1,25,24,1
20,0,1,25,37,0
62,1,2,18,19,0
6,0,2,14,23,0
34,0,2,19,5,0
15,0,2,21,9,0
34,0,2,19,11,0
16,4,2,22,23,1
1,4,2,14,12,1
26,1,2,19,23,0
28,0,2,19,22,0
64,0,2,20,19,0
9,0,2,14,33,0
10,0,2,22,8,0
21,1,2,14,12,0
36,3,3,19,9,1
50,4,3,12,2,1
69,0,3,20,11,0
64,0,3,20,26,0
36,3,3,14,10,1
56,1,3,14,29,0
65,4,3,20,22,1
54,3,3,12,4,1
66,3,0,20,7,1
25,4,0,8,20,1
61,1,0,10,11,0
69,1,0,18,10,0
29,4,0,8,26,1
12,3,0,25,9,1
19,3,0,25,10,1
3,1,0,16,10,0
64,4,0,18,22,1
28,0,0,8,18,0
64,0,0,18,11,0
30,4,0,8,21,1
31,0,0,8,22,0
17,0,1,25,24,0
69,0,1,18,33,0
31,1,1,8,20,0
16,4,1,25,18,1
7,1,1,17,33,0
31,4,1,8,12,1
17,0,1,25,19,0
2,0,2,14,19,0
43,1,2,3,8,0
31,4,2,12,19,1
27,0,2,12,2,0
9,0,2,14,58,0
23,0,2,4,42,0
55,4,2,12,43,1
51,0,2,12,10,0
27,0,2,3,23,0
22,1,2,14,30,0
54,3,2,12,2,1
35,0,2,3,28,0
27,0,2,3,29,0
43,1,3,23,5,0
41,4,3,23,17,1
55,0,3,12,3,0
31,0,3,3,18,0
16,4,3,4,39,1
56,4,3,12,14,1
21,1,3,14,14,0
55,1,3,12,6,0
47,0,3,23,4,0
12,1,3,14,22,0
47,0,3,12,18,0
19,3,3,14,32,1
54,3,3,12,4,1
20,3,3,4,12,1
18,3,3,14,23,1
35,0,3,3,13,0
7,1,3,14,24,0
27,1,3,3,12,0
19,3,3,4,19,1
18,1,3,4,11,0
48,0,3,20,2,0
53,1,3,23,6,0
0,3,3,14,13,1
55,0,0,12,2,0
27,0,0,8,31,0
35,0,0,8,7,0
39,0,0,8,15,0
25,1,0,8,19,0
46,0,0,10,16,0
23,1,0,25,35,0
19,4,0,2,34,1
25,4,0,8,37,1
35,0,0,8,15,0
36,1,0,8,20,0
13,1,0,25,12,0
13,3,0,25,18,1
12,3,0,25,16,1
17,0,1,25,5,0
28,4,1,8,24,1
25,1,1,8,18,0
19,3,1,25,13,1
68,1,1,18,10,0
28,1,1,8,22,0
17,0,1,25,21,0
62,0,1,18,8,0
58,0,1,18,30,0
41,0,1,8,12,0
0,4,2,25,5,1
7,0,2,14,31,0
18,4,2,4,25,1
47,0,2,23,8,0
28,0,2,24,21,0
28,4,2,24,16,1
12,3,2,14,44,1
68,4,2,20,25,1
1,1,2,14,12,0
4,1,2,14,9,0
17,1,2,4,21,0
27,1,2,24,5,0
31,4,2,24,10,1
49,3,2,3,3,1
12,1,2,4,20,0
48,4,2,23,8,1
49,0,2,23,1,0
49,1,2,23,7,0
33,0,3,24,9,0
49,3,3,3,4,1
54,3,3,3,5,1
51,1,3,3,15,0
31,4,3,24,21,1
20,3,3,4,18,1
30,4,3,24,23,1
37,3,3,23,17,1
48,1,3,24,3,0
35,0,3,24,11,0
61,1,3,20,14,0
13,1,3,4,12,0
37,3,3,23,11,1
46,0,3,23,18,0
43,1,3,23,5,0
31,0,3,24,13,0
45,0,3,23,50,0
45,0,3,3,8,0
61,0,3,20,10,0
2,1,3,14,24,0
46,1,3,23,15,0
46,3,0,21,11,1
69,3,0,15,10,1
31,1,0,13,13,0
29,0,0,13,34,0
3,3,0,15,24,1
7,1,0,11,11,0
54,3,2,12,2,1
19,4,2,4,33,1
58,1,2,12,15,0
31,4,2,23,11,1
62,1,2,1,24,0
15,1,2,23,10,0
44,1,2,23,14,0
46,1,2,12,8,0
35,1,2,19,25,0
55,3,2,12,20,1
32,1,2,23,14,0
8,0,2,14,7,0
22,3,2,14,26,1
54,3,2,12,6,1
28,0,2,19,8,0
54,0,2,12,7,0
41,0,2,23,16,0
45,1,2,3,7,0
42,1,2,23,19,0
41,0,2,3,14,0
11,0,2,14,3,0
16,4,2,12,12,1
56,1,2,12,15,0
46,1,3,23,9,0
69,4,3,20,20,1
47,1,3,23,13,0
59,0,3,12,54,0
5,3,3,14,18,1
12,3,3,4,24,1
26,0,3,19,16,0
68,1,3,3,30,0
67,1,3,3,17,0
47,1,3,12,23,0
22,3,3,14,16,1
0,3,3,14,32,1
26,0,3,19,6,0
49,0,3,23,1,0
63,1,3,12,11,0
56,1,3,23,19,0
19,0,3,14,7,0
43,1,3,23,6,0
57,1,3,23,9,0
65,3,3,20,18,1
5,3,3,14,28,1
66,0,0,20,10,0
53,1,0,11,15,0
4,1,0,9,23,0
60,0,0,15,2,0
60,0,0,15,5,0
60,4,0,15,4,1
12,0,0,15,15,0
61,1,0,15,13,0
41,3,1,21,5,1
11,4,1,9,10,1
28,0,1,13,45,0
0,0,1,9,12,0
68,0,1,15,14,0
38,0,1,21,13,0
53,0,1,11,6,0
65,1,1,15,9,0
68,0,1,15,20,0
61,0,2,15,3,0
52,0,2,11,2,0
16,0,2,25,22,0
19,3,2,12,26,1
8,0,2,16,10,0
28,0,2,8,54,0
38,0,2,12,45,0
17,4,2,25,10,1
2,1,2,16,27,0
39,0,3,7,11,0
28,1,3,12,30,0
53,0,3,10,51,0
13,1,3,25,22,0
50,1,3,18,24,0
62,1,0,15,12,0
20,0,0,22,12,0
57,0,0,15,14,0
7,0,0,9,17,0
57,0,0,15,23,0
61,0,0,15,4,0
50,0,0,15,12,0
66,0,0,15,4,0
54,4,0,15,8,1
47,0,0,21,14,0
0,3,0,9,4,1
20,1,0,11,18,0
67,0,0,15,30,0
69,0,1,11,10,0
53,1,1,11,11,0
28,1,1,13,18,0
12,0,2,25,6,0
14,0,2,25,8,0
17,4,2,25,5,1
7,1,2,16,27,0
13,1,2,25,38,0
24,4,2,8,33,1
49,0,2,3,5,0
17,0,2,25,12,0
16,0,2,16,49,0
54,0,3,10,15,0
19,1,3,25,21,0
69,1,3,18,25,0
33,0,3,8,18,0
36,0,3,8,5,0
16,0,3,25,11,0
17,4,3,25,26,1
14,0,3,25,24,0
16,0,3,25,30,0
15,0,3,25,9,0
53,1,3,3,20,0
14,0,3,25,12,0
28,1,3,8,24,0
63,0,3,10,12,0
69,0,0,18,4,0
69,0,0,15,18,0
66,1,0,11,9,0
61,1,0,15,8,0
57,1,0,11,6,0
64,0,0,22,5,0
13,0,0,9,4,0
64,0,0,15,26,0
7,1,0,15,22,0
53,1,0,11,38,0
63,1,1,15,21,0
30,1,1,15,33,0
56,1,1,11,19,0
9,1,2,16,19,0
50,1,2,10,11,0
13,1,2,25,15,0
10,0,2,25,20,0
40,3,3,7,36,1
17,0,3,25,19,0
35,0,3,8,14,0
27,0,3,8,27,0
18,4,3,25,8,1
57,4,3,8,8,1
11,0,3,16,18,0
19,3,3,25,20,1
32,0,3,8,18,0
36,1,0,8,22,0
1,1,0,14,12,0
44,0,0,19,17,0
1,1,0,14,20,0
3,1,0,4,21,0
68,3,0,20,25,1
32,1,0,19,16,0
47,3,0,23,4,1
26,1,0,19,29,0
24,0,0,4,21,0
15,1,0,14,17,0
46,1,0,23,10,0
49,3,0,21,3,1
47,0,0,19,32,0
64,1,0,20,19,0
12,3,0,4,7,1
0,3,0,14,13,1
12,3,1,4,20,1
34,1,1,19,5,0
19,3,1,4,44,1
61,0,1,20,18,0
16,3,1,4,13,1
21,1,1,4,19,0
23,4,1,20,9,1
32,0,1,19,56,0
12,0,1,22,9,0
34,1,1,19,25,0
29,0,0,19,6,0
68,0,0,20,21,0
40,0,0,24,12,0
7,1,0,14,27,0
39,1,0,24,23,0
50,3,0,12,6,1
46,3,0,12,17,1
29,0,0,19,12,0
55,1,0,12,9,0
43,0,0,24,8,0
49,1,0,12,10,0
68,0,0,20,15,0
62,3,0,12,11,1
45,3,0,24,59,1
0,0,0,14,6,0
20,0,0,14,13,0
31,0,0,12,13,0
33,3,0,20,13,1
2,1,0,14,12,0
19,3,0,4,59,1
34,1,0,19,9,0
41,4,0,24,17,1
34,1,0,24,19,0
18,0,0,4,23,0
23,1,0,14,15,0
39,1,0,24,8,0
7,4,0,14,4,1
31,3,0,14,19,1
20,0,0,4,25,0
53,1,1,12,6,0
46,0,1,24,8,0
61,0,1,20,34,0
9,1,1,4,13,0
62,3,1,20,30,1
55,3,1,12,11,1
41,0,1,24,13,0
43,1,1,24,8,0
46,0,1,24,4,0
59,0,1,3,7,0
64,1,1,20,15,0
25,0,1,19,5,0
62,3,1,20,9,1
55,1,2,3,6,0
63,1,2,20,10,0
56,0,2,11,4,0
68,1,2,11,17,0
63,1,2,11,4,0
35,0,2,13,49,0
61,1,2,11,7,0
11,4,2,15,21,1
55,1,3,11,19,0
39,4,3,15,27,1
23,4,3,21,55,1
62,0,3,11,5,0
53,0,3,11,36,0
39,0,3,21,12,0
46,1,3,11,10,0
65,4,3,15,34,1
68,1,3,11,12,0
61,1,0,20,11,0
37,1,0,24,10,0
46,1,0,12,10,0
10,1,0,14,22,0
59,0,0,12,41,0
8,1,0,14,20,0
51,4,0,12,9,1
37,1,0,24,18,0
5,3,0,14,25,1
69,3,0,20,18,1
18,4,0,4,18,1
57,1,0,12,13,0
63,1,0,20,29,0
54,1,0,12,12,0
21,1,0,4,29,0
14,0,0,14,6,0
3,4,0,14,32,1
53,4,0,12,6,1
41,4,0,24,9,1
15,1,0,4,11,0
37,0,0,24,17,0
62,3,0,12,8,1
58,3,0,12,10,1
36,0,0,24,28,0
47,0,0,12,16,0
14,0,0,4,5,0
56,3,0,12,29,1
50,0,0,20,7,0
68,0,0,4,7,0
31,1,1,19,18,0
61,4,1,20,18,1
55,1,1,12,9,0
51,3,1,12,18,1
14,1,1,4,17,0
55,3,1,12,15,1
13,1,1,4,6,0
64,4,1,20,17,1
60,3,1,20,21,1
12,0,1,4,3,0
43,0,1,24,5,0
7,0,1,14,25,0
55,0,1,24,46,0
13,0,1,4,12,0
2,3,1,14,25,1
13,0,1,14,7,0
39,0,1,24,39,0
22,1,1,4,11,0
61,4,1,4,6,1
1,1,1,4,23,0
8,0,1,4,19,0
47,0,1,24,12,0
44,0,1,24,7,0
16,0,2,14,20,0
51,0,2,12,6,0
4,1,2,18,16,0
34,1,2,13,14,0
66,0,2,15,3,0
9,1,2,25,15,0
66,0,2,15,9,0
61,3,2,15,11,1
66,0,2,15,7,0
67,3,2,15,15,1
11,4,2,25,19,1
62,3,2,15,31,1
67,3,3,15,10,1
69,0,3,15,11,0
67,3,3,15,38,1
3,4,3,18,11,1
26,1,3,13,36,0
52,3,3,15,18,1
8,0,3,25,11,0
66,1,0,15,4,0
57,4,0,12,6,1
49,3,0,12,6,1
6,3,0,14,13,1
62,0,0,20,19,0
56,3,0,12,21,1
68,1,0,20,32,0
0,1,0,19,16,0
7,1,0,24,17,0
49,1,0,23,14,0
19,4,0,19,9,1
55,0,0,12,9,0
31,1,0,19,47,0
29,0,0,23,19,0
53,4,0,12,3,1
49,1,0,12,4,0
51,3,0,12,21,1
12,1,0,4,24,0
49,3,0,12,3,1
62,3,0,19,30,1
11,0,1,14,26,0
53,1,1,12,26,0
68,0,1,20,35,0
63,1,1,20,31,0
0,3,1,4,10,1
24,1,1,23,25,0
5,3,1,4,20,1
38,1,1,23,20,0
0,0,1,4,17,0
0,0,1,14,26,0
67,3,1,20,13,1
37,3,1,23,15,1
67,4,1,24,22,1
16,1,1,4,21,0
67,3,1,24,17,1
24,1,1,19,23,0
44,4,1,23,28,1
49,1,1,19,21,0
6,3,1,14,42,1
14,0,1,4,14,0
9,1,1,14,15,0
21,1,1,4,18,0
51,0,1,23,3,0
46,1,1,23,12,0
51,0,1,12,11,0
7,0,1,4,11,0
53,0,1,23,5,0
34,1,1,23,4,0
49,1,1,12,4,0
40,0,2,23,4,0
12,0,2,4,8,0
60,3,2,15,5,1
11,1,2,9,7,0
39,1,2,0,50,0
13,1,2,15,48,0
7,1,2,15,6,0
69,0,2,15,3,0
69,0,2,15,13,0
54,0,3,11,7,0
56,1,3,15,13,0
25,1,3,0,47,0
69,3,3,15,17,1
69,3,3,15,20,1
66,3,3,15,14,1
56,0,0,10,24,0
64,4,0,18,25,1
54,0,0,7,19,0
53,4,0,7,14,1
4,1,0,2,34,0
13,1,0,8,38,0
56,1,0,10,15,0
24,1,0,8,15,0
2,0,0,12,16,0
19,0,0,19,13,0
7,0,0,12,4,0
69,0,1,18,7,0
31,4,1,8,22,1
25,1,1,8,15,0
19,0,2,19,6,0
4,0,2,9,32,0
61,1,2,15,13,0
26,0,2,13,8,0
69,0,2,15,30,0
56,0,3,11,23,0
3,4,3,9,11,1
39,1,3,0,24,0
56,0,3,11,19,0
3,4,3,9,4,1
66,0,3,22,6,0
5,4,3,9,14,1
61,1,3,11,10,0
66,0,3,11,9,0
66,4,0,11,13,1
31,4,0,7,8,1
53,0,0,10,20,0
69,0,0,18,19,0
12,1,0,25,13,0
15,1,0,25,5,0
28,0,0,8,11,0
7,0,0,25,22,0
58,3,0,18,30,1
12,1,0,25,7,0
24,1,0,8,13,0
26,4,0,8,8,1
56,0,0,10,18,0
13,1,1,25,27,0
28,3,1,8,9,1
6,0,1,16,23,0
49,1,1,10,29,0
43,0,1,8,8,0
30,0,1,8,6,0
64,0,1,10,19,0
26,0,2,19,9,0
63,1,2,20,17,0
10,4,2,14,16,1
44,0,2,23,13,0
14,1,2,4,25,0
50,3,2,12,4,1
41,4,2,23,6,1
51,3,2,12,5,1
64,4,2,20,10,1
41,4,2,23,8,1
47,0,2,23,20,0
45,1,2,23,16,0
55,3,2,12,7,1
47,0,2,23,12,0
24,0,2,19,5,0
34,0,2,19,9,0
56,3,2,12,8,1
64,0,2,20,28,0
47,0,2,23,13,0
28,1,2,19,17,0
14,1,2,14,28,0
8,0,2,4,10,0
53,1,2,12,25,0
52,3,2,12,10,1
25,0,3,19,18,0
32,0,3,3,9,0
46,1,3,19,30,0
24,4,3,23,6,1
7,1,3,14,17,0
46,1,3,19,31,0
55,3,3,12,3,1
64,0,3,20,10,0
11,0,3,14,10,0
33,1,3,19,13,0
37,3,3,23,6,1
18,0,3,4,18,0
46,1,3,23,24,0
39,1,3,23,16,0
37,3,3,3,16,1
16,0,3,4,35,0
10,4,3,14,19,1
39,1,3,19,17,0
22,1,0,16,16,0
54,0,0,10,33,0
28,1,0,8,10,0
47,0,0,7,16,0
46,1,0,17,9,0
10,0,0,16,12,0
10,4,0,16,33,1
35,1,0,8,19,0
54,0,0,10,8,0
34,1,0,8,16,0
34,1,1,7,24,0
13,1,1,25,20,0
69,1,1,18,17,0
61,0,1,18,17,0
12,3,1,25,37,1
13,0,2,25,11,0
66,1,2,18,2,0
53,3,2,12,18,1
6,1,2,24,13,0
56,1,2,20,24,0
19,1,2,4,22,0
63,1,2,12,17,0
51,3,2,23,18,1
55,4,2,20,5,1
7,4,2,24,7,1
62,0,2,20,12,0
47,1,2,23,12,0
49,0,2,12,5,0
12,3,2,24,10,1
52,4,2,12,15,1
12,1,2,24,19,0
10,1,2,24,15,0
36,0,2,23,17,0
20,1,2,19,9,0
39,1,2,23,17,0
4,1,2,24,14,0
12,1,2,4,17,0
12,3,2,24,10,1
36,0,2,23,14,0
58,3,2,12,4,1
9,1,2,24,8,0
28,1,2,19,18,0
6,3,2,24,13,1
12,3,2,12,23,1
53,1,2,12,10,0
12,3,3,4,36,1
46,1,3,23,29,0
2,3,3,24,7,1
37,1,3,19,39,0
6,3,3,24,26,1
43,1,3,23,8,0
38,1,3,23,14,0
49,1,3,12,30,0
46,1,3,23,30,0
30,3,3,19,7,1
56,3,3,20,13,1
16,1,3,23,17,0
43,1,3,23,18,0
27,1,3,19,7,0
50,0,3,24,2,0
6,3,3,24,20,1
33,0,3,19,48,0
52,0,3,12,5,0
19,3,3,4,13,1
6,3,3,24,13,1
8,4,3,4,7,1
13,1,3,4,6,0
39,1,3,23,19,0
34,1,3,23,9,0
52,1,3,20,22,0
21,1,3,4,14,0
36,0,3,23,35,0
5,0,0,24,30,0
39,1,0,23,30,0
20,3,0,4,4,1
59,0,0,10,12,0
24,1,0,8,21,0
25,0,0,8,23,0
29,4,0,8,5,1
29,4,0,8,17,1
16,0,1,16,12,0
69,0,1,18,6,0
66,1,1,18,4,0
57,4,1,8,15,1
25,1,1,8,6,0
1,1,3,23,10,0
27,0,3,23,20,0
4,1,3,23,18,0
18,1,3,9,2,0
32,0,3,23,19,0
35,0,0,23,13,0
58,0,0,10,47,0
16,4,0,25,43,1
52,1,0,10,46,0
63,1,0,10,53,0
60,1,0,18,55,0
67,1,0,18,23,0
50,0,0,10,13,0
65,1,0,18,28,0
60,4,0,18,11,1
38,1,0,10,35,0
50,4,0,10,38,1
58,4,0,18,21,1
41,3,0,7,42,1
7,1,0,16,25,0
9,4,0,16,43,1
11,1,0,16,21,0
50,4,0,10,5,1
11,0,0,16,38,0
2,0,1,16,18,0
39,1,1,10,10,0
50,4,1,10,24,1
53,1,1,18,15,0
32,4,1,8,8,1
25,1,1,8,7,0
0,4,1,16,18,1
1,0,1,16,4,0
31,4,1,8,15,1
24,4,1,8,4,1
19,4,1,25,23,1
13,1,1,25,15,0
31,4,1,8,33,1
24,0,1,10,44,0
57,1,1,8,12,0
46,3,1,7,31,1
57,1,2,12,14,0
43,3,2,23,12,1
58,4,2,20,39,1
68,1,2,20,31,0
41,0,2,23,35,0
54,1,2,12,18,0
11,0,2,14,33,0
50,0,2,20,8,0
50,4,2,12,11,1
46,1,2,23,21,0
69,4,2,12,27,1
67,0,2,20,36,0
30,1,2,3,13,0
19,4,2,4,47,1
41,1,2,23,19,0
42,1,2,23,24,0
32,1,2,3,50,0
41,1,2,12,29,0
68,1,2,20,13,0
28,1,2,3,23,0
58,1,2,1,26,0
56,1,2,12,6,0
46,0,2,23,17,0
51,4,2,12,24,1
12,3,2,4,23,1
67,3,2,23,13,1
41,1,2,23,10,0
25,1,2,19,15,0
55,4,2,12,19,1
26,1,2,19,31,0
23,1,2,4,42,0
50,1,2,23,4,0
30,0,2,20,32,0
49,4,3,12,9,1
1,1,3,14,29,0
65,0,3,23,14,0
6,0,3,14,28,0
33,0,3,19,18,0
49,4,3,12,6,1
45,0,3,23,7,0
6,1,3,14,15,0
16,0,3,14,42,0
6,0,3,14,19,0
22,1,3,4,14,0
55,1,3,12,8,0
67,3,3,12,7,1
47,0,3,19,54,0
61,0,3,20,54,0
16,0,3,4,9,0
31,1,3,19,13,0
47,0,3,20,25,0
45,0,3,23,18,0
61,4,3,12,19,1
43,1,3,23,26,0
56,0,3,12,13,0
16,0,3,4,12,0
34,1,3,19,12,0
6,3,3,14,47,1
22,1,3,4,12,0
47,0,3,23,30,0
32,3,0,19,6,1
47,0,0,12,22,0
39,0,0,23,9,0
23,1,0,4,13,0
47,0,0,12,7,0
24,1,0,13,8,0
6,1,0,9,20,0
34,1,0,13,4,0
44,3,0,21,32,1
42,3,0,21,35,1
1,4,0,9,14,1
2,0,0,9,13,0
61,4,0,5,10,1
12,3,0,22,49,1
45,0,0,21,52,0
1,1,0,9,13,0
5,4,0,22,11,1
11,4,0,9,5,1
2,0,0,9,3,0
65,0,0,5,10,0
67,0,1,5,13,0
1,4,1,9,4,1
13,0,1,9,5,0
58,1,1,11,20,0
19,4,1,9,5,1
7,1,1,9,11,0
47,0,1,21,29,0
1,4,1,9,4,1
4,0,1,9,3,0
41,1,1,0,44,0
7,0,1,9,2,0
36,1,1,11,13,0
56,1,1,11,8,0
61,4,1,5,7,1
46,0,1,21,19,0
68,1,2,18,28,0
29,4,2,8,9,1
39,0,2,8,11,0
44,0,2,7,4,0
28,0,2,8,3,0
43,3,2,7,13,1
2,0,2,16,7,0
13,0,2,14,20,0
64,1,2,18,10,0
40,4,2,7,20,1
66,1,2,10,27,0
32,1,2,8,13,0
47,1,2,7,8,0
13,0,2,16,38,0
5,1,3,16,24,0
32,1,3,8,12,0
12,3,3,14,16,1
66,1,3,18,34,0
11,4,3,16,42,1
13,0,3,14,32,0
5,1,3,16,7,0
21,1,0,14,30,0
61,4,0,15,57,1
55,1,0,11,25,0
63,0,0,15,14,0
49,1,0,11,19,0
63,0,0,15,12,0
68,1,0,15,19,0
65,4,0,15,20,1
55,0,0,11,11,0
61,0,0,15,12,0
34,0,0,13,34,0
50,0,0,11,23,0
59,3,1,11,4,1
65,4,1,15,13,1
12,1,2,25,32,0
13,3,2,25,25,1
67,0,2,18,38,0
17,1,2,25,30,0
25,0,2,8,4,0
39,0,2,8,20,0
54,0,2,18,2,0
28,3,2,8,18,1
56,0,2,10,10,0
29,3,2,8,14,1
34,4,2,8,15,1
12,1,2,25,11,0
24,3,3,8,6,1
9,4,3,16,40,1
3,0,3,16,12,0
3,0,3,25,10,0
56,0,3,10,8,0
3,4,3,25,17,1
19,1,3,25,9,0
30,1,3,8,15,0
60,0,0,15,3,0
1,4,0,9,30,1
66,1,0,15,7,0
65,0,0,15,14,0
45,1,0,21,14,0
55,1,0,11,11,0
24,0,0,21,42,0
11,4,0,9,5,1
44,0,0,11,6,0
25,1,1,13,9,0
69,1,1,15,15,0
57,0,1,11,5,0
47,3,1,21,11,1
16,0,1,22,17,0
2,0,1,9,3,0
8,0,1,9,6,0
35,3,1,11,34,1
53,1,1,11,20,0
61,4,1,5,9,1
0,0,2,16,18,0
65,4,2,18,14,1
16,3,2,25,15,1
13,4,2,25,20,1
22,0,2,25,16,0
0,0,2,16,54,0
63,3,2,10,8,1
36,1,2,7,22,0
17,4,2,25,20,1
60,3,2,10,9,1
34,0,2,18,8,0
11,3,3,25,11,1
13,4,3,25,25,1
24,3,3,8,8,1
28,4,3,8,7,1
31,4,3,8,29,1
16,1,3,25,29,0
36,1,3,8,8,0
53,0,3,10,22,0
33,0,3,8,11,0
69,1,0,18,7,0
29,0,0,19,6,0
7,1,0,14,15,0
29,0,0,19,17,0
0,0,0,14,35,0
1,4,0,14,16,1
54,3,0,21,6,1
23,3,0,14,11,1
63,3,0,12,10,1
8,1,0,14,17,0
34,1,0,19,17,0
13,3,0,14,22,1
47,1,0,23,8,0
39,1,0,23,15,0
58,0,0,21,8,0
61,4,0,14,19,1
60,1,0,14,9,0
1,0,0,14,8,0
43,1,1,23,17,0
66,1,1,12,31,0
7,1,1,14,21,0
36,0,1,19,11,0
46,0,1,23,28,0
3,1,1,14,27,0
13,3,1,4,41,1
16,3,1,14,21,1
33,0,1,23,17,0
14,0,1,4,18,0
2,1,1,14,29,0
32,3,1,19,5,1
46,0,1,23,23,0
56,0,1,21,20,0
66,0,1,20,17,0
34,1,1,19,33,0
43,1,1,23,8,0
4,4,1,14,33,1
27,1,1,19,25,0
15,0,1,4,21,0
16,0,1,4,15,0
26,3,1,19,12,1
13,3,1,4,18,1
46,0,1,23,18,0
16,3,1,4,18,1
26,3,2,19,12,1
16,0,2,4,11,0
23,0,2,25,18,0
17,1,2,25,17,0
40,0,2,7,4,0
11,1,2,25,23,0
51,1,2,10,28,0
11,4,2,25,18,1
17,1,2,25,5,0
53,0,2,10,15,0
9,4,2,16,15,1
12,1,3,25,9,0
24,1,3,8,12,0
31,4,3,8,20,1
7,0,3,25,9,0
9,4,3,25,28,1
26,0,3,8,7,0
58,0,3,10,16,0
24,3,3,8,4,1
18,4,3,25,13,1
47,0,3,7,8,0
39,1,0,8,10,0
53,0,0,10,5,0
43,1,0,23,24,0
5,4,0,14,51,1
58,1,0,12,22,0
39,0,0,23,8,0
32,1,0,19,4,0
62,1,0,12,40,0
69,4,0,20,8,1
12,3,0,23,15,1
20,0,0,4,5,0
45,1,0,23,9,0
32,0,0,19,5,0
61,4,0,20,18,1
21,1,0,23,20,0
22,0,0,4,11,0
50,0,0,4,3,0
25,1,0,19,17,0
52,1,1,12,23,0
65,0,1,20,8,0
43,1,1,23,10,0
43,1,1,23,25,0
5,1,1,14,14,0
6,1,1,4,14,0
56,0,1,12,4,0
58,3,1,12,9,1
47,0,1,12,10,0
43,1,1,23,22,0
56,0,1,12,16,0
6,1,1,14,22,0
6,1,1,4,6,0
62,3,1,20,3,1
43,0,1,23,3,0
32,3,1,23,8,1
22,1,1,4,26,0
17,1,1,14,14,0
54,1,1,12,16,0
32,0,1,19,11,0
55,0,1,12,3,0
57,4,2,12,8,1
65,0,2,11,3,0
61,4,2,15,8,1
66,1,2,11,8,0
54,3,2,11,6,1
52,0,2,15,30,0
7,1,2,9,16,0
66,1,2,15,10,0
45,1,3,21,15,0
59,4,3,11,22,1
69,0,3,15,6,0
68,1,3,15,12,0
26,3,3,13,15,1
69,0,3,15,15,0
64,1,3,15,10,0
51,0,3,21,3,0
68,0,2,15,26,0
2,0,2,19,21,0
64,1,2,15,40,0
52,0,2,15,40,0
8,0,2,15,22,0
17,0,2,19,57,0
0,4,2,9,18,1
30,3,2,19,12,1
51,0,2,11,6,0
49,1,2,11,2,0
65,4,2,15,7,1
45,0,3,21,3,0
52,1,3,11,14,0
9,1,3,9,3,0
67,0,3,15,6,0
6,0,3,9,22,0
67,1,3,15,7,0
47,0,3,15,9,0
5,0,3,15,16,0
62,0,3,15,10,0
1,1,3,9,1,0
63,0,0,15,4,0
29,1,0,8,20,0
35,1,0,8,54,0
67,4,0,18,26,1
6,1,0,16,13,0
11,0,0,16,9,0
29,0,0,8,7,0
22,1,0,25,8,0
23,0,1,25,29,0
27,1,1,8,30,0
18,1,1,16,31,0
28,4,1,8,39,1
28,4,1,8,29,1
16,0,1,16,25,0
64,4,1,18,20,1
12,0,1,25,17,0
17,1,1,25,16,0
24,1,1,8,12,0
15,0,1,25,17,0
12,0,1,16,30,0
1,4,1,25,18,1
9,1,2,4,14,0
64,1,2,20,14,0
12,3,2,14,10,1
6,3,2,14,43,1
33,1,2,19,34,0
53,3,2,12,11,1
51,1,2,12,10,0
29,1,2,4,17,0
45,1,2,23,15,0
2,0,2,14,27,0
18,3,2,4,23,1
30,1,2,19,25,0
49,1,2,12,23,0
4,1,2,4,22,0
58,1,2,12,18,0
33,3,2,23,15,1
43,1,2,23,6,0
50,3,2,12,23,1
46,3,2,23,32,1
21,0,2,14,8,0
25,1,2,19,25,0
22,0,2,19,18,0
45,3,2,19,7,1
22,0,2,19,22,0
30,0,3,23,10,0
52,1,3,12,14,0
22,0,3,4,18,0
43,1,3,23,15,0
26,3,3,19,26,1
47,0,3,3,4,0
30,0,3,19,25,0
45,1,3,23,16,0
47,0,3,23,12,0
6,3,3,14,5,1
12,0,3,3,36,0
55,1,3,23,5,0
6,1,3,14,2,0
56,1,3,3,11,0
39,4,3,23,14,1
44,0,3,23,16,0
6,1,3,14,42,0
1,0,3,14,16,0
39,4,3,23,18,1
46,1,3,19,18,0
37,1,3,23,23,0
47,0,3,3,4,0
60,3,3,12,6,1
45,0,3,23,19,0
16,1,3,14,39,0
54,1,3,12,9,0
47,1,3,23,15,0
47,0,3,23,5,0
61,4,3,20,26,1
53,1,3,12,3,0
20,1,3,4,17,0
46,0,0,23,11,0
50,3,0,12,0,1
46,3,0,23,22,1
45,0,0,23,23,0
64,1,0,18,7,0
24,0,0,8,6,0
62,0,0,18,18,0
25,0,0,8,3,0
31,4,0,8,9,1
10,3,0,25,17,1
28,0,0,8,9,0
67,1,1,18,23,0
3,1,1,25,4,0
24,3,1,8,7,1
35,3,1,8,19,1
24,3,1,8,15,1
30,0,1,7,12,0
32,3,1,25,9,1
22,0,1,16,12,0
35,0,1,8,37,0
33,0,1,8,22,0
54,4,2,12,9,1
6,3,2,14,54,1
51,4,2,20,22,1
56,1,2,23,14,0
33,0,2,19,5,0
54,0,2,23,12,0
55,3,2,23,6,1
61,4,2,23,11,1
54,3,2,12,2,1
18,1,2,4,15,0
20,1,2,14,13,0
49,1,2,12,15,0
51,4,2,12,7,1
17,1,2,4,27,0
60,4,2,12,3,1
63,1,2,12,33,0
23,1,2,19,29,0
18,4,3,4,15,1
50,4,3,12,6,1
15,3,3,4,19,1
38,1,3,23,8,0
20,3,3,4,10,1
45,1,3,23,25,0
49,1,3,20,23,0
4,4,3,14,8,1
45,0,3,23,21,0
45,0,3,23,12,0
35,0,3,19,8,0
21,0,3,4,13,0
0,0,3,23,12,0
35,0,3,23,25,0
62,4,0,20,15,1
22,0,0,25,24,0
6,0,0,16,19,0
24,1,1,16,29,0
15,4,1,25,8,1
68,1,1,18,13,0
12,3,2,4,15,1
30,1,2,19,14,0
33,1,2,19,19,0
17,1,2,4,15,0
26,0,2,24,39,0
17,3,2,4,15,1
47,1,2,12,41,0
44,0,2,24,14,0
54,0,2,12,11,0
31,1,2,19,17,0
37,1,2,24,11,0
61,4,2,20,22,1
22,0,2,12,10,0
3,4,2,12,8,1
64,0,2,12,39,0
46,3,3,24,16,1
4,1,3,4,33,0
65,1,3,12,22,0
35,0,3,19,36,0
0,1,3,14,10,0
33,1,3,19,14,0
43,0,3,24,2,0
49,1,3,12,9,0
45,0,3,24,37,0
20,0,3,4,33,0
58,1,3,12,26,0
49,4,3,12,8,1
21,1,3,19,38,0
6,1,3,14,18,0
54,3,3,12,5,1
46,4,3,24,19,1
6,1,0,9,11,0
61,0,0,15,6,0
9,1,0,9,7,0
14,0,0,22,13,0
46,3,0,21,17,1
7,1,0,9,8,0
64,4,0,15,11,1
45,1,0,15,7,0
0,0,0,11,8,0
37,1,1,21,12,0
63,0,1,11,9,0
65,1,1,11,18,0
22,3,1,22,48,1
66,1,1,11,8,0
11,4,1,9,21,1
16,0,1,22,24,0
52,0,1,11,30,0
52,0,1,15,6,0
15,0,1,15,9,0
55,1,1,11,7,0
67,0,1,15,11,0
22,0,1,22,11,0
19,0,1,22,5,0
1,0,2,9,2,0
26,1,2,19,16,0
18,1,2,4,19,0
33,1,2,19,25,0
12,3,2,14,15,1
21,0,2,8,2,0
61,4,2,12,27,1
17,1,2,4,11,0
26,1,2,14,29,0
30,1,2,19,25,0
67,0,2,12,13,0
52,3,2,18,6,1
17,1,2,14,15,0
28,1,2,19,16,0
57,3,2,18,8,1
6,3,2,14,20,1
46,0,2,18,8,0
42,4,2,8,5,1
41,4,2,8,22,1
52,3,2,12,12,1
27,1,2,19,9,0
19,1,2,4,16,0
12,3,2,14,24,1
12,3,2,20,39,1
9,1,3,14,41,0
69,4,3,8,19,1
7,1,3,14,23,0
20,4,3,4,13,1
46,0,3,8,13,0
17,0,3,14,36,0
24,1,3,19,7,0
59,3,3,18,9,1
14,0,3,4,19,0
22,1,3,4,5,0
17,1,3,20,34,0
38,4,3,8,26,1
69,4,3,12,20,1
47,1,3,8,20,0
45,3,0,12,10,1
38,0,0,19,3,0
4,1,0,9,12,0
66,3,0,15,7,1
19,0,0,9,19,0
11,1,0,9,6,0
64,4,0,15,6,1
17,0,0,9,11,0
65,4,0,15,7,1
0,0,0,9,5,0
59,3,1,15,38,1
11,0,1,9,19,0
57,1,1,15,14,0
59,0,1,15,9,0
69,0,1,15,6,0
59,0,1,15,20,0
67,1,1,15,4,0
24,3,2,8,5,1
11,0,2,2,42,0
67,4,2,18,25,1
27,4,2,8,6,1
16,3,2,25,6,1
17,1,3,25,23,0
64,4,3,18,17,1
24,3,3,8,21,1
27,4,3,8,6,1
29,1,3,8,7,0
7,1,3,25,37,0
27,0,3,8,32,0
7,1,3,25,17,0
42,0,0,7,4,0
59,0,0,11,36,0
52,3,0,15,28,1
69,0,0,15,8,0
3,0,0,9,13,0
69,1,0,15,8,0
1,1,0,11,15,0
61,0,1,15,18,0
62,1,1,11,16,0
7,0,1,9,5,0
1,4,1,9,9,1
2,0,1,9,31,0
58,0,1,11,25,0
24,3,2,8,13,1
25,1,2,8,13,0
19,1,2,25,33,0
42,0,2,8,12,0
11,1,2,25,12,0
6,1,2,16,4,0
12,3,3,25,19,1
7,1,3,16,25,0
36,0,3,16,23,0
0,1,3,16,39,0
68,0,3,8,28,0
20,1,0,25,6,0
51,1,0,15,15,0
5,4,0,9,3,1
51,1,0,5,19,0
55,1,0,15,8,0
60,4,0,15,47,1
41,4,0,21,11,1
27,0,0,15,9,0
26,1,0,15,23,0
63,0,0,15,10,0
42,1,0,15,4,0
27,0,1,13,46,0
14,1,1,22,35,0
69,0,1,15,7,0
9,0,1,9,17,0
5,4,1,9,28,1
60,4,1,15,39,1
5,0,1,5,41,0
67,1,1,15,8,0
49,0,1,15,17,0
67,0,2,18,8,0
2,1,2,16,16,0
16,1,2,25,18,0
11,0,2,16,28,0
65,4,2,18,7,1
35,1,2,8,8,0
2,3,3,16,2,1
1,1,3,16,21,0
30,0,3,8,5,0
25,4,3,8,7,1
26,0,3,8,17,0
10,0,3,16,12,0
28,4,3,8,9,1
0,4,0,14,17,1
12,3,0,4,18,1
51,1,0,15,15,0
16,3,0,4,3,1
38,1,0,23,5,0
41,1,0,23,12,0
53,1,0,23,11,0
49,4,0,12,5,1
12,3,0,14,20,1
46,3,0,23,22,1
51,1,0,23,13,0
35,0,0,19,10,0
67,0,0,20,38,0
50,4,0,20,12,1
12,3,0,14,28,1
21,1,0,4,6,0
41,4,0,23,28,1
7,1,0,14,26,0
20,1,0,4,26,0
55,1,0,15,30,0
2,3,1,19,11,1
6,3,1,4,14,1
41,4,1,23,4,1
41,4,1,15,9,1
18,1,1,12,11,0
2,3,1,4,18,1
60,4,1,15,7,1
61,0,1,15,8,0
68,0,1,15,18,0
21,1,1,14,30,0
60,4,1,15,25,1
58,0,1,15,11,0
31,1,1,23,14,0
51,1,1,23,7,0
35,0,1,19,33,0
55,1,1,23,9,0
39,1,1,23,9,0
36,0,1,12,2,0
55,0,1,14,7,0
38,1,1,23,11,0
12,1,1,4,22,0
57,1,1,12,6,0
31,0,1,19,4,0
34,1,1,23,21,0
31,0,1,19,10,0
52,0,1,20,42,0
60,0,2,12,5,0
21,1,2,4,15,0
61,0,2,18,8,0
17,1,2,25,13,0
21,0,2,16,4,0
11,4,2,16,29,1
23,1,2,25,21,0
40,0,2,7,39,0
28,3,2,8,32,1
9,1,2,16,28,0
11,0,3,16,15,0
2,1,3,16,50,0
4,0,3,16,37,0
22,3,3,25,19,1
34,4,3,7,19,1
35,4,3,7,23,1
25,1,3,8,15,0
14,1,3,25,17,0
5,0,3,16,27,0
28,4,3,8,9,1
61,0,0,8,3,0
16,1,0,4,26,0
36,1,0,24,15,0
53,1,0,12,15,0
28,3,0,24,17,1
27,1,0,19,25,0
2,3,0,4,22,1
28,3,0,19,12,1
16,3,0,4,11,1
59,0,0,12,5,0
19,1,0,14,31,0
26,0,0,19,22,0
47,1,0,24,17,0
6,1,0,14,20,0
51,3,0,12,3,1
21,1,0,24,16,0
65,3,0,24,27,1
25,3,1,19,6,1
21,3,1,14,47,1
12,1,1,4,29,0
56,4,1,12,3,1
56,4,1,12,8,1
47,3,1,24,14,1
38,3,1,24,21,1
34,1,1,19,15,0
12,3,1,4,25,1
8,0,1,14,4,0
16,0,1,4,5,0
41,1,1,24,5,0
5,0,1,14,31,0
8,0,1,24,28,0
54,0,1,24,12,0
41,1,1,24,9,0
58,4,1,20,34,1
12,3,1,4,18,1
27,0,1,19,22,0
6,1,2,14,11,0
59,0,2,15,11,0
69,1,2,15,24,0
64,4,2,15,7,1
2,4,2,9,8,1
45,0,2,15,21,0
42,4,2,15,16,1
0,0,3,9,11,0
3,4,3,9,29,1
60,4,3,15,9,1
65,0,3,15,19,0
17,0,0,4,8,0
17,0,0,14,10,0
25,3,0,23,6,1
68,0,0,20,17,0
61,4,0,12,5,1
19,0,0,4,41,0
16,1,0,14,19,0
27,1,0,23,10,0
16,1,0,14,13,0
32,1,0,23,5,0
44,1,0,23,13,0
41,1,0,23,15,0
12,3,0,4,7,1
6,1,0,4,8,0
44,1,0,23,14,0
31,1,0,19,10,0
20,0,0,4,12,0
5,3,0,14,4,1
34,1,1,23,31,0
11,3,1,14,25,1
41,4,1,23,16,1
17,1,1,4,15,0
11,0,1,14,16,0
46,1,1,23,12,0
54,0,1,8,3,0
41,0,1,23,5,0
19,0,1,23,20,0
32,0,1,19,2,0
19,0,1,4,15,0
4,1,1,14,12,0
63,4,1,20,14,1
2,0,1,14,24,0
14,1,1,4,17,0
55,4,1,8,5,1
58,1,2,12,7,0
65,1,2,15,16,0
67,0,2,15,13,0
2,3,2,9,14,1
68,1,2,15,19,0
64,4,3,15,11,1
47,0,3,21,48,0
68,1,0,20,24,0
17,1,0,4,38,0
34,1,0,19,50,0
53,1,0,24,30,0
37,1,0,23,27,0
18,3,0,4,24,1
40,3,0,23,56,1
43,1,0,23,54,0
47,1,0,23,50,0
28,1,0,19,9,0
46,1,0,23,21,0
50,1,0,23,6,0
3,3,0,14,33,1
64,1,0,20,20,0
2,3,0,4,11,1
69,0,0,20,21,0
12,3,0,4,32,1
33,1,0,19,9,0
21,1,0,14,15,0
24,3,0,23,7,1
40,1,0,24,16,0
67,1,0,20,11,0
23,1,0,4,16,0
46,1,0,24,9,0
55,1,1,24,7,0
34,3,1,23,8,1
19,1,1,23,38,0
69,4,1,20,12,1
22,1,1,14,24,0
23,1,1,4,33,0
21,1,1,14,23,0
61,4,1,20,31,1
6,1,1,3,20,0
54,0,1,24,7,0
12,0,1,4,28,0
1,0,1,4,10,0
17,0,1,14,13,0
31,1,1,24,9,0
34,4,1,24,21,1
41,0,1,23,47,0
65,3,1,20,16,1
9,1,1,14,8,0
67,1,1,20,19,0
43,0,1,24,11,0
36,0,1,24,5,0
47,4,1,23,16,1
2,1,1,4,50,0
36,1,1,23,6,0
36,0,2,23,13,0
67,1,2,11,8,0
51,4,2,11,3,1
0,1,2,9,3,0
67,3,2,5,6,1
55,1,2,0,43,0
55,1,3,11,8,0
67,1,3,15,14,0
13,4,3,15,22,1
69,0,3,15,5,0
69,0,3,15,5,0
39,0,0,8,22,0
18,4,0,25,22,1
27,1,0,8,11,0
67,1,0,18,10,0
2,0,0,16,12,0
23,0,0,25,13,0
37,1,0,8,10,0
28,1,0,8,8,0
5,1,0,16,35,0
9,0,0,16,1,0
25,1,0,8,21,0
25,0,0,8,14,0
35,1,0,8,13,0
0,1,1,16,5,0
56,0,1,10,6,0
47,4,1,10,22,1
64,0,1,18,10,0
43,0,1,25,13,0
17,3,1,25,7,1
28,4,1,8,7,1
67,0,1,18,54,0
69,3,1,18,28,1
46,1,1,25,22,0
40,4,3,24,18,1
38,4,3,24,22,1
40,4,3,24,32,1
46,4,3,24,29,1
14,0,3,24,34,0
38,4,2,23,24,1
5,3,2,14,22,1
51,0,2,12,44,0
37,0,2,23,52,0
38,0,2,23,35,0
62,0,2,20,9,0
2,3,2,14,31,1
28,1,2,3,42,0
52,1,2,12,10,0
7,4,2,14,28,1
54,0,2,12,27,0
40,1,2,23,22,0
10,1,2,14,36,0
58,0,2,12,8,0
44,0,2,23,8,0
53,4,2,12,10,1
13,1,2,3,25,0
36,3,2,23,15,1
20,0,2,4,18,0
37,0,2,23,6,0
24,3,2,23,4,1
18,1,2,23,10,0
50,4,3,20,12,1
61,3,3,20,22,1
60,3,3,20,20,1
34,1,3,23,17,0
54,1,3,20,20,0
44,0,3,23,9,0
53,3,3,12,22,1
65,1,3,1,22,0
22,0,3,4,38,0
19,1,3,3,17,0
34,0,3,19,6,0
53,4,3,12,4,1
15,0,3,4,39,0
4,1,3,14,21,0
50,3,3,12,9,1
36,0,3,23,11,0
9,0,3,23,14,0
36,0,3,23,14,0
16,3,3,4,12,1
60,1,3,12,29,0
47,1,3,4,6,0
47,1,3,3,25,0
50,4,3,12,7,1
7,0,3,14,8,0
56,0,3,12,47,0
62,0,3,20,36,0
62,3,0,18,51,1
53,1,0,10,23,0
20,0,0,25,18,0
9,4,0,25,13,1
24,4,0,8,18,1
27,4,0,8,10,1
9,1,0,16,17,0
17,3,0,25,8,1
2,0,1,16,10,0
45,1,1,8,4,0
47,4,1,8,10,1
3,4,1,16,5,1
29,4,1,8,26,1
34,1,1,8,21,0
40,3,1,8,21,1
27,4,1,18,13,1
62,1,1,8,22,0
7,4,1,25,23,1
57,4,1,18,18,1
1,0,1,16,14,0
23,0,1,16,50,0
21,1,1,25,18,0
2,0,1,16,3,0
12,4,1,25,27,1
67,0,2,20,22,0
52,4,2,12,15,1
10,0,2,12,32,0
5,0,2,14,16,0
34,1,2,23,9,0
46,1,2,23,14,0
49,1,2,23,16,0
17,4,2,14,18,1
36,3,2,23,21,1
46,3,2,23,18,1
58,4,2,15,23,1
52,4,2,15,11,1
36,3,2,12,16,1
60,0,2,23,2,0
44,0,2,23,6,0
44,4,3,23,5,1
12,3,3,4,28,1
10,0,3,19,23,0
30,1,3,19,48,0
36,3,3,23,9,1
18,3,3,4,14,1
57,0,3,15,4,0
35,0,3,19,7,0
37,1,3,19,14,0
36,3,3,23,40,1
64,3,3,20,12,1
39,0,3,12,48,0
52,4,3,15,12,1
13,4,3,4,36,1
6,1,3,19,27,0
52,0,3,23,15,0
9,0,3,19,50,0
18,3,3,19,9,1
21,4,3,4,14,1
58,4,3,15,10,1
44,0,3,23,10,0
18,3,3,4,18,1
11,0,0,14,11,0
43,0,0,23,28,0
6,1,0,16,15,0
39,4,0,7,31,1
59,3,0,10,6,1
3,3,0,22,38,1
31,4,0,21,18,1
40,4,0,7,24,1
59,1,0,10,11,0
24,3,0,22,11,1
20,4,0,25,10,1
22,3,1,16,30,1
10,4,1,16,31,1
59,0,1,10,25,0
2,0,1,25,18,0
2,0,1,25,7,0
63,0,1,18,5,0
50,1,2,12,19,0
37,3,2,23,7,1
49,4,2,12,9,1
6,4,2,14,8,1
46,1,2,23,22,0
7,3,2,14,30,1
22,3,2,4,47,1
3,0,2,19,26,0
55,1,2,12,20,0
50,1,2,12,13,0
34,1,2,3,21,0
68,4,2,20,34,1
26,1,2,19,38,0
8,0,2,4,27,0
68,4,2,12,10,1
29,0,2,19,43,0
52,1,2,12,6,0
38,1,2,23,30,0
57,0,2,12,6,0
57,4,2,12,5,1
26,1,2,20,7,0
39,3,2,20,22,1
36,3,2,23,16,1
7,0,3,14,6,0
7,0,3,14,22,0
3,0,3,4,9,0
12,3,3,4,10,1
13,4,3,4,8,1
56,4,3,12,20,1
43,0,3,23,5,0
60,4,3,23,42,1
69,1,3,23,24,0
17,1,3,4,19,0
20,0,3,14,11,0
69,1,3,12,42,0
22,0,3,4,9,0
64,1,3,12,11,0
7,0,3,14,5,0
22,3,3,4,17,1
60,4,3,12,8,1
46,3,3,19,6,1
17,0,3,4,21,0
37,4,3,23,10,1
68,3,3,20,15,1
63,1,3,20,13,0
41,1,0,23,10,0
23,4,0,9,7,1
55,0,0,11,4,0
54,1,0,11,4,0
12,4,0,9,9,1
12,4,0,22,26,1
52,1,0,11,9,0
11,4,0,9,2,1
32,4,0,13,43,1
20,3,1,22,14,1
50,0,1,15,6,0
0,0,1,9,37,0
55,1,1,15,13,0
58,0,1,11,22,0
60,4,1,11,3,1
64,1,2,15,13,0
55,0,2,11,7,0
43,1,2,23,12,0
29,0,2,19,7,0
6,2,2,14,28,1
41,1,2,23,9,0
43,4,2,12,18,1
68,1,2,24,11,0
41,1,2,23,31,0
41,4,2,24,17,1
44,0,2,24,11,0
64,1,2,20,26,0
9,0,2,14,4,0
64,1,2,14,29,0
34,0,3,24,11,0
6,2,3,19,15,1
44,1,3,7,22,0
61,4,3,24,9,1
64,4,3,24,11,1
55,1,3,7,4,0
46,3,3,24,9,1
39,1,3,24,12,0
49,1,3,12,12,0
47,1,3,23,18,0
9,0,3,4,11,0
34,1,3,19,18,0
47,1,3,23,18,0
29,0,3,19,4,0
38,1,3,24,19,0
29,0,3,19,25,0
18,3,3,4,12,1
55,3,3,12,3,1
43,1,3,14,11,0
52,0,3,14,19,0
3,4,3,14,9,1
37,0,0,24,11,0
60,1,0,8,13,0
68,4,0,15,29,1
3,0,0,22,3,0
23,0,0,5,12,0
30,0,0,13,9,0
68,3,0,15,10,1
40,0,0,21,29,0
9,4,0,5,20,1
13,0,0,5,8,0
67,1,0,15,5,0
49,1,0,11,20,0
11,4,1,5,7,1
3,4,1,5,10,1
53,1,1,11,12,0
58,0,2,11,3,0
37,0,2,12,18,0
40,4,2,12,26,1
24,3,2,8,16,1
68,1,2,18,19,0
10,4,2,25,22,1
34,3,2,8,8,1
18,4,2,25,13,1
33,1,2,8,17,0
12,4,2,25,19,1
23,3,2,25,43,1
62,0,2,18,7,0
12,3,2,25,18,1
58,0,2,12,4,0
36,1,2,12,12,0
19,0,2,25,20,0
19,1,3,25,8,0
11,0,3,16,3,0
25,3,3,8,30,1
53,1,3,8,19,0
11,0,3,16,24,0
3,0,3,16,22,0
65,4,0,10,19,1
23,0,0,8,9,0
68,3,0,15,23,1
69,3,0,15,16,1
60,0,0,15,5,0
6,2,0,9,11,1
27,0,1,21,12,0
60,0,1,15,18,0
20,4,1,15,9,1
21,4,1,15,30,1
7,0,1,5,7,0
11,0,2,16,38,0
64,0,2,18,11,0
31,0,2,8,8,0
50,0,2,10,10,0
29,1,2,8,7,0
23,0,2,16,27,0
64,1,2,18,23,0
68,0,2,18,21,0
35,4,2,8,15,1
18,0,3,25,4,0
52,1,3,10,22,0
26,1,3,8,10,0
38,3,3,8,3,1
18,4,3,25,31,1
49,1,3,10,11,0
29,0,3,18,7,0
23,1,0,22,34,0
55,0,0,11,19,0
10,0,0,9,45,0
7,2,0,5,4,1
55,0,1,5,2,0
64,1,1,11,13,0
66,0,1,11,17,0
59,3,1,11,4,1
65,0,2,11,5,0
17,2,2,25,20,1
35,0,2,10,16,0
64,1,2,18,5,0
65,3,2,18,6,1
19,0,2,25,27,0
25,3,2,8,8,1
27,3,2,8,12,1
10,0,2,16,6,0
5,1,3,25,13,0
24,3,3,25,25,1
67,4,3,18,17,1
9,1,3,25,22,0
27,4,3,8,16,1
9,3,3,25,34,1
54,1,3,10,5,0
60,4,3,18,14,1
57,0,3,10,13,0
55,0,3,10,21,0
23,4,3,25,13,1
10,4,3,16,11,1
18,0,3,25,10,0
54,0,0,10,5,0
40,1,0,23,19,0
23,4,0,4,29,1
1,1,0,3,30,0
56,1,0,12,11,0
0,1,0,3,15,0
34,1,0,19,13,0
10,4,0,3,18,1
7,0,0,3,33,0
53,4,0,12,14,1
7,0,0,3,14,0
54,3,0,12,2,1
10,0,0,4,7,0
59,3,0,12,21,1
46,1,0,23,12,0
26,0,0,19,28,0
29,4,0,23,11,1
23,3,0,4,13,1
12,4,0,4,30,1
5,1,0,3,13,0
6,3,0,4,9,1
3,0,1,3,10,0
59,0,1,12,27,0
7,1,1,3,22,0
22,3,1,4,16,1
43,3,1,23,17,1
46,3,1,23,44,1
15,1,1,4,19,0
51,1,1,12,12,0
47,1,1,23,24,0
24,3,1,19,9,1
64,3,1,12,25,1
44,4,1,23,9,1
61,3,1,12,1,1
44,1,1,23,22,0
1,0,1,3,4,0
31,0,1,19,4,0
1,0,1,3,17,0
52,2,2,12,6,1
61,0,2,18,7,0
6,3,2,15,19,1
3,0,2,15,9,0
27,0,2,2,37,0
23,4,2,25,16,1
54,0,2,10,3,0
19,0,3,25,20,0
27,0,3,2,20,0
23,1,3,25,20,0
23,4,3,25,19,1
38,0,3,5,5,0
33,0,3,15,18,0
13,1,0,4,16,0
28,4,0,24,18,1
51,1,0,1,13,0
2,0,0,3,7,0
39,4,0,24,17,1
46,3,0,12,8,1
24,0,0,24,9,0
34,1,0,24,15,0
4,3,0,3,16,1
30,3,0,24,6,1
8,1,0,3,19,0
13,0,0,3,8,0
2,1,0,3,13,0
27,1,0,24,12,0
13,0,0,3,30,0
38,0,0,23,4,0
34,0,0,24,22,0
44,1,0,24,17,0
24,2,0,24,9,1
37,4,0,24,34,1
22,3,0,4,43,1
18,0,1,3,12,0
58,0,1,12,8,0
3,1,1,3,8,0
2,1,1,3,19,0
33,0,1,12,45,0
49,1,1,24,49,0
12,3,1,4,19,1
46,3,1,23,10,1
24,3,1,19,8,1
7,0,1,3,3,0
24,2,1,24,7,1
35,0,1,12,9,0
55,1,1,24,23,0
47,0,1,23,9,0
58,1,1,12,22,0
59,4,1,12,21,1
5,1,2,3,6,0
51,0,2,12,3,0
50,1,2,15,16,0
52,0,2,11,10,0
22,4,2,9,4,1
51,0,2,11,9,0
59,1,2,11,5,0
61,0,2,15,10,0
50,0,2,11,5,0
7,0,2,15,8,0
69,0,3,15,15,0
54,2,3,11,5,1
6,2,3,18,20,1
29,2,3,13,20,1
62,2,3,15,5,1
0,2,3,9,22,1
1,2,3,9,22,1
17,2,3,9,2,1
26,2,3,13,20,1
2,2,3,7,35,1
7,2,3,9,35,1
55,1,3,11,10,0
33,0,3,11,13,0
67,0,3,11,16,0
59,0,3,15,23,0
65,0,3,11,33,0
52,0,3,15,8,0
42,1,0,24,13,0
51,3,0,12,10,1
57,4,0,12,13,1
17,1,0,23,16,0
39,1,0,12,14,0
12,3,0,24,7,1
42,1,0,23,50,0
10,4,0,4,5,1
19,2,0,4,19,1
15,0,0,4,23,0
23,0,0,4,10,0
47,3,0,23,15,1
26,0,0,24,16,0
57,1,0,12,29,0
37,4,0,23,2,1
68,1,0,23,8,0
49,1,1,12,14,0
64,0,1,24,4,0
7,3,1,4,11,1
1,2,1,25,16,1
55,0,1,12,10,0
13,4,1,4,19,1
55,0,1,12,12,0
53,4,1,12,10,1
64,1,1,20,32,0
53,4,1,12,44,1
17,3,1,4,6,1
1,4,1,25,30,1
32,1,1,23,13,0
1,1,1,4,8,0
27,0,1,24,40,0
68,3,1,12,30,1
3,0,1,25,23,0
53,0,1,23,15,0
53,0,1,12,35,0
26,2,1,24,11,1
12,3,1,25,13,1
52,1,1,20,20,0
26,2,1,24,10,1
21,0,2,15,7,0
55,0,2,15,8,0
50,1,2,15,5,0
8,4,2,9,23,1
18,4,2,5,7,1
53,4,2,15,16,1
49,4,2,15,12,1
68,0,2,15,6,0
20,4,2,5,37,1
2,0,2,9,19,0
17,0,2,5,8,0
21,0,2,5,10,0
68,4,2,15,13,1
17,0,2,5,5,0
67,0,3,5,6,0
33,0,3,5,5,0
67,0,3,15,5,0
68,3,3,15,39,1
61,0,3,15,3,0
61,0,3,5,11,0
53,0,3,5,49,0
24,0,3,13,27,0
54,0,3,15,27,0
58,0,3,15,27,0
33,0,0,24,6,0
50,1,0,20,25,0
24,3,0,12,5,1
13,1,0,4,31,0
3,4,0,24,12,1
6,1,0,4,34,0
0,3,0,24,7,1
12,3,0,24,18,1
20,0,0,24,25,0
60,0,0,12,6,0
34,1,0,24,19,0
13,3,0,4,16,1
22,3,0,24,33,1
58,0,0,20,30,0
50,4,0,12,9,1
13,4,0,24,17,1
41,1,0,23,12,0
8,3,0,24,8,1
45,4,0,12,12,1
57,1,0,12,15,0
9,3,0,4,50,1
55,1,0,12,9,0
13,0,1,4,7,0
19,1,1,4,26,0
0,1,1,24,20,0
62,4,1,12,18,1
61,0,1,20,30,0
60,3,1,20,8,1
44,1,1,12,10,0
22,4,1,12,14,1
37,3,1,4,12,1
46,3,1,12,2,1
6,1,1,12,11,0
50,1,1,20,27,0
49,1,0,10,32,0
68,3,0,18,13,1
62,0,0,18,24,0
61,0,0,18,27,0
64,0,0,18,38,0
24,1,0,7,14,0
50,1,0,10,16,0
69,0,0,18,27,0
30,1,0,8,10,0
11,0,1,16,53,0
60,0,1,18,6,0
60,1,1,8,15,0
27,0,1,8,3,0
37,0,2,23,16,0
23,0,2,4,20,0
63,0,2,20,8,0
13,3,2,4,25,1
9,4,2,14,22,1
68,3,2,20,52,1
20,4,2,4,48,1
58,3,2,12,7,1
49,4,2,12,6,1
62,1,2,1,11,0
61,2,2,12,8,1
49,0,2,23,15,0
37,1,2,23,30,0
63,0,2,20,37,0
18,1,2,4,6,0
0,3,2,19,11,1
11,4,2,4,13,1
44,4,2,23,8,1
55,1,2,23,29,0
66,0,2,23,17,0
0,1,2,14,26,0
18,0,3,4,22,0
25,1,3,19,8,0
60,0,3,20,43,0
45,0,3,23,17,0
11,0,3,14,33,0
35,0,3,19,12,0
43,1,3,23,2,0
3,0,3,14,22,0
31,0,3,12,4,0
36,3,3,23,7,1
45,0,3,23,4,0
62,0,3,20,26,0
50,1,3,12,5,0
31,1,3,19,23,0
57,0,3,12,2,0
44,1,3,23,18,0
40,4,3,23,11,1
45,0,3,23,15,0
41,1,3,23,3,0
24,1,3,19,12,0
47,0,3,23,11,0
54,0,0,12,6,0
41,1,0,23,16,0
65,4,0,15,11,1
22,4,0,22,9,1
61,0,0,15,7,0
55,0,0,11,7,0
68,0,0,15,11,0
61,0,0,15,13,0
14,0,0,22,27,0
37,1,0,11,4,0
22,0,0,11,6,0
61,4,0,15,17,1
69,4,1,15,11,1
63,0,1,15,9,0
19,1,1,22,13,0
44,0,1,15,3,0
44,0,1,15,7,0
45,0,1,21,25,0
61,0,2,20,29,0
67,1,2,12,23,0
9,3,2,14,19,1
4,2,2,4,23,1
5,0,2,14,4,0
35,2,2,19,7,1
40,2,2,23,8,1
59,1,2,12,14,0
67,0,2,20,13,0
6,2,2,14,20,1
18,0,2,4,10,0
39,1,2,23,7,0
35,1,2,19,12,0
41,3,3,23,11,1
0,0,3,4,4,0
54,0,3,23,22,0
13,3,3,14,26,1
20,0,3,4,6,0
20,3,3,4,41,1
40,2,3,23,25,1
15,3,3,14,7,1
27,0,3,19,10,0
27,0,3,19,11,0
0,0,3,14,13,0
27,0,3,14,5,0
39,1,3,23,7,0
36,4,3,23,7,1
66,0,3,12,5,0
44,4,3,23,11,1
47,3,3,23,11,1
13,1,3,4,11,0
58,4,3,12,22,1
40,1,3,23,30,0
27,0,3,19,8,0
4,0,0,14,16,0
22,0,0,4,5,0
54,0,0,12,6,0
21,4,0,22,14,1
54,0,0,11,5,0
55,0,0,11,29,0
13,1,0,22,8,0
68,3,0,15,33,1
54,0,0,11,13,0
23,0,0,22,4,0
17,0,0,22,9,0
64,0,0,15,3,0
55,0,0,22,8,0
64,0,0,9,2,0
64,0,0,9,3,0
45,0,0,11,11,0
8,4,0,15,10,1
39,2,0,11,6,1
68,0,1,15,6,0
68,3,1,15,16,1
61,0,1,15,7,0
12,4,1,9,10,1
67,0,1,15,22,0
44,1,1,15,25,0
21,0,1,22,30,0
22,0,1,22,10,0
19,1,1,22,25,0
65,4,1,15,11,1
66,0,2,15,4,0
34,1,2,8,19,0
20,3,2,25,25,1
68,3,2,18,12,1
28,3,2,8,15,1
25,3,2,8,5,1
27,0,2,8,7,0
63,0,2,18,10,0
64,3,2,18,7,1
10,3,2,20,27,1
5,0,2,20,8,0
6,1,2,12,6,0
9,1,2,20,5,0
15,0,2,25,41,0
23,1,2,25,20,0
10,3,3,12,4,1
21,1,3,25,10,0
4,3,3,4,10,1
6,1,3,12,12,0
45,4,3,12,3,1
30,1,3,8,6,0
32,0,3,8,4,0
41,4,3,8,7,1
9,1,0,25,10,0
15,0,0,22,31,0
67,0,0,15,14,0
65,0,0,15,5,0
40,1,0,21,16,0
65,1,0,15,8,0
41,3,0,11,2,1
62,2,1,15,13,1
67,0,1,11,6,0
9,1,1,22,2,0
66,0,1,11,10,0
67,0,1,11,9,0
0,3,2,6,17,1
38,0,2,10,9,0
0,0,2,2,4,0
66,0,2,18,3,0
11,0,2,25,8,0
28,0,2,8,25,0
55,0,2,10,19,0
68,4,2,18,9,1
31,0,2,8,19,0
25,4,2,8,7,1
16,1,2,8,39,0
44,0,3,7,19,0
23,4,3,25,14,1
15,3,3,25,8,1
35,3,3,8,19,1
31,4,3,8,4,1
2,1,3,8,8,0
36,0,3,10,52,0
21,0,3,25,14,0
34,4,3,8,5,1
4,0,0,6,13,0
16,0,0,6,24,0
53,4,0,15,11,1
60,0,0,15,4,0
58,4,0,15,12,1
21,0,0,22,7,0
55,0,0,11,10,0
28,0,0,13,55,0
21,0,0,22,12,0
28,3,0,15,6,1
64,1,0,15,6,0
31,3,0,15,5,1
21,0,1,22,32,0
43,0,1,21,7,0
68,4,1,15,10,1
25,1,2,8,13,0
22,1,2,25,17,0
47,0,2,7,16,0
28,1,2,8,24,0
49,2,2,8,7,1
46,0,2,8,5,0
68,4,2,8,16,1
67,0,2,2,12,0
35,0,2,6,36,0
35,0,3,6,16,0
24,4,3,8,7,1
9,4,3,16,21,1
66,0,3,6,8,0
67,0,3,2,6,0
29,0,3,8,19,0
27,4,3,8,5,1
59,0,3,10,12,0
68,4,3,6,24,1
44,1,0,22,12,0
52,1,0,12,22,0
53,3,0,12,15,1
0,2,0,14,27,1
49,1,0,12,5,0
5,3,0,14,30,1
9,0,0,14,10,0
54,3,0,12,8,1
61,1,0,12,5,0
12,1,0,4,22,0
65,3,0,20,1,1
11,0,0,14,16,0
55,3,0,4,8,1
53,3,1,12,9,1
64,3,1,20,18,1
61,2,1,20,20,1
4,3,1,14,26,1
65,3,1,12,7,1
46,3,1,12,27,1
30,1,1,19,14,0
5,0,1,4,13,0
0,3,1,14,23,1
51,3,1,12,2,1
15,4,1,4,8,1
60,2,1,20,19,1
31,0,2,19,10,0
12,0,2,4,10,0
6,3,0,14,53,1
0,3,0,14,42,1
1,3,0,14,56,1
24,0,0,19,36,0
47,4,0,23,10,1
41,4,0,23,7,1
55,0,0,12,27,0
14,4,0,4,17,1
50,3,1,12,8,1
56,0,1,12,4,0
20,1,1,14,9,0
58,4,1,12,38,1
64,1,1,20,52,0
12,0,1,4,16,0
51,1,1,20,24,0
40,4,1,23,45,1
45,1,1,23,35,0
41,0,1,23,30,0
30,3,1,12,27,1
52,0,1,12,18,0
38,1,1,23,12,0
54,3,1,20,16,1
16,4,1,4,16,1
50,1,1,12,7,0
45,1,1,12,6,0
24,3,1,19,23,1
35,0,2,13,18,0
0,0,2,9,30,0
68,4,2,15,11,1
49,0,2,15,6,0
68,1,2,15,8,0
32,0,2,13,19,0
21,0,2,22,22,0
7,0,2,9,33,0
64,1,2,15,14,0
65,1,2,15,21,0
2,1,2,11,10,0
62,0,3,11,12,0
25,4,3,13,39,1
68,1,3,11,7,0
20,1,3,22,20,0
32,0,3,11,12,0
49,0,3,11,7,0
64,4,3,15,16,1
62,1,3,15,9,0
38,0,0,15,9,0
13,3,0,25,10,1
68,4,0,18,29,1
34,0,0,8,8,0
21,0,0,8,7,0
37,4,0,7,3,1
0,3,1,25,8,1
24,2,1,8,11,1
31,3,1,8,26,1
0,0,1,16,9,0
7,0,1,16,15,0
28,0,1,8,13,0
59,0,1,10,16,0
45,0,1,7,24,0
55,1,1,10,18,0
24,0,1,8,9,0
28,4,1,8,53,1
59,1,2,10,14,0
53,0,2,11,7,0
62,1,2,15,32,0
9,1,2,11,24,0
0,0,2,13,46,0
11,3,2,9,17,1
4,0,2,15,26,0
11,0,3,9,11,0
19,0,3,22,4,0
11,4,3,15,31,1
69,0,3,15,3,0
21,0,0,18,6,0
47,1,0,7,39,0
5,4,0,18,20,1
65,0,0,18,17,0
35,1,0,8,12,0
47,0,0,7,24,0
27,4,0,8,14,1
32,1,1,8,30,0
58,4,1,10,23,1
24,4,1,8,14,1
33,0,1,8,15,0
25,4,1,8,9,1
16,1,1,18,9,0
25,0,1,18,6,0
11,0,1,2,10,0
24,4,2,19,10,1
49,1,2,12,18,0
20,1,2,3,10,0
9,3,2,14,14,1
3,1,2,14,37,0
62,2,2,20,6,1
50,0,2,12,9,0
54,2,2,12,4,1
58,4,2,12,9,1
51,0,2,12,11,0
23,0,2,3,45,0
63,1,2,12,26,0
51,3,2,23,5,1
18,1,2,3,11,0
64,1,2,12,6,0
14,0,2,3,26,0
23,0,2,23,38,0
34,1,3,19,36,0
12,3,3,14,50,1
47,1,3,23,12,0
15,1,3,14,15,0
56,1,3,12,11,0
10,0,3,14,5,0
12,0,3,3,21,0
60,0,3,12,8,0
39,0,3,19,8,0
35,1,3,12,28,0
12,1,3,3,17,0
66,0,3,20,37,0
47,0,3,23,30,0
39,0,3,23,11,0
47,0,3,23,9,0
44,1,0,23,8,0
59,2,0,12,12,1
18,1,0,25,30,0
30,1,0,8,10,0
13,1,0,16,40,0
62,2,0,18,20,1
25,3,0,8,13,1
26,0,0,8,5,0
1,0,1,16,7,0
25,3,1,8,14,1
1,4,1,16,35,1
66,1,1,18,10,0
41,2,1,7,26,1
1,4,1,16,22,1
5,2,1,16,20,1
35,4,1,8,9,1
1,0,1,16,12,0
26,2,1,8,57,1
27,2,1,8,24,1
29,2,1,8,22,1
34,2,1,8,51,1
35,2,1,8,59,1
59,1,1,10,33,0
26,1,2,19,22,0
30,3,2,21,11,1
1,1,2,14,9,0
35,2,2,19,27,1
42,0,2,23,23,0
45,1,2,23,10,0
41,4,2,22,11,1
9,4,2,14,14,1
50,3,2,12,14,1
31,1,2,19,5,0
59,2,2,12,29,1
12,1,2,14,8,0
49,1,2,12,55,0
34,2,2,19,7,1
53,2,2,12,29,1
60,3,2,20,2,1
30,3,2,19,11,1
11,0,2,4,12,0
58,3,2,20,21,1
22,0,2,14,6,0
12,1,2,14,14,0
44,4,2,23,5,1
12,3,3,4,17,1
35,2,3,19,11,1
63,0,3,12,4,0
26,0,3,19,9,0
54,0,3,12,6,0
45,3,3,23,6,1
22,1,3,4,19,0
37,1,3,23,6,0
32,0,3,19,7,0
56,1,3,12,29,0
27,2,3,12,3,1
24,2,3,12,7,1
41,3,3,12,12,1
44,0,0,12,4,0
61,2,0,18,15,1
47,0,0,10,10,0
24,1,0,16,11,0
27,0,0,16,17,0
58,0,0,10,24,0
24,1,0,8,11,0
12,1,0,25,21,0
64,1,0,18,9,0
24,1,0,8,18,0
10,4,0,8,6,1
4,2,1,25,23,1
8,1,1,16,20,0
60,0,1,18,2,0
4,1,1,16,38,0
24,4,1,8,7,1
11,0,1,16,13,0
0,0,2,16,11,0
7,1,2,14,20,0
39,1,2,19,16,0
64,1,2,20,15,0
51,4,2,12,22,1
10,1,2,14,17,0
50,3,2,12,23,1
18,3,2,4,45,1
62,1,2,12,19,0
46,1,2,23,18,0
20,0,2,14,19,0
51,4,2,12,6,1
54,3,2,12,1,1
41,1,2,23,6,0
56,1,2,12,12,0
64,1,2,12,17,0
12,3,3,4,20,1
56,2,3,12,9,1
41,4,3,23,7,1
44,1,3,23,11,0
44,1,3,23,8,0
44,0,3,23,12,0
64,0,3,20,31,0
40,0,3,23,7,0
58,1,3,20,15,0
14,2,3,4,16,1
50,3,3,12,8,1
60,3,3,23,12,1
58,1,0,11,11,0
69,0,0,15,15,0
6,1,0,16,10,0
38,0,0,21,22,0
61,1,0,15,6,0
60,0,0,15,4,0
60,3,0,15,9,1
23,0,0,22,35,0
62,2,0,15,9,1
64,0,0,11,15,0
13,0,0,22,9,0
69,4,0,15,6,1
58,4,0,15,12,1
61,1,1,11,5,0
68,0,1,15,9,0
14,0,1,16,11,0
63,1,1,15,10,0
7,0,1,16,11,0
58,4,1,18,13,1
54,0,1,11,13,0
54,0,1,11,27,0
58,1,1,15,38,0
40,0,1,15,6,0
20,0,1,22,20,0
64,1,2,15,10,0
69,4,2,15,18,1
0,0,2,16,7,0
10,0,2,16,25,0
15,1,2,25,14,0
13,4,2,25,12,1
18,1,2,25,12,0
49,0,2,10,15,0
15,1,2,8,12,0
32,4,2,8,1,1
55,0,2,10,17,0
1,4,2,16,28,1
64,3,2,18,6,1
65,0,2,18,4,0
32,0,2,8,14,0
18,1,2,25,15,0
12,3,2,25,26,1
10,0,2,16,20,0
15,3,3,25,46,1
60,3,3,12,19,1
10,1,3,16,28,0
24,4,3,8,16,1
44,1,3,7,24,0
6,1,0,9,3,0
44,1,0,21,14,0
60,1,0,15,12,0
12,1,0,22,30,0
60,1,0,15,14,0
7,0,0,9,3,0
60,0,0,15,13,0
37,3,0,21,7,1
22,4,0,15,7,1
55,0,1,11,9,0
66,0,1,15,8,0
2,0,1,15,7,0
62,0,1,15,17,0
0,3,2,16,22,1
15,3,2,25,45,1
64,2,2,10,25,1
2,0,2,16,1,0
15,0,2,18,30,0
23,0,2,25,22,0
15,0,2,25,16,0
20,0,2,18,16,0
53,1,2,10,18,0
29,1,2,8,9,0
16,2,2,25,16,1
16,2,3,25,28,1
29,3,3,8,12,1
63,1,3,18,10,0
32,0,3,8,5,0
63,3,3,7,46,1
31,1,3,25,26,0
32,0,3,25,10,0
52,0,0,10,37,0
53,1,0,11,13,0
62,3,0,15,21,1
62,3,0,15,6,1
11,4,0,9,6,1
15,0,0,5,25,0
12,3,0,9,4,1
64,1,0,11,30,0
20,0,0,9,11,0
17,0,0,9,7,0
13,1,0,9,6,0
60,0,0,15,6,0
10,4,0,9,7,1
65,1,0,15,20,0
20,4,0,9,15,1
55,1,0,22,14,0
63,1,1,11,16,0
34,1,1,0,51,0
59,0,1,11,11,0
58,1,1,11,11,0
55,3,1,11,5,1
61,1,1,11,4,0
43,1,1,11,10,0
58,0,1,11,9,0
49,0,2,10,6,0
49,0,2,10,9,0
25,3,2,15,18,1
18,0,2,16,23,0
34,1,2,15,18,0
34,2,2,15,22,1
64,4,2,18,11,1
46,4,2,7,35,1
28,0,2,15,11,0
31,4,3,15,12,1
2,1,3,16,17,0
31,4,3,15,17,1
25,4,3,15,7,1
56,0,3,10,9,0
25,3,3,15,20,1
56,0,3,10,31,0
41,4,3,15,9,1
54,4,0,12,9,1
1,2,0,4,16,1
0,0,0,4,11,0
24,2,0,23,10,1
44,1,0,12,11,0
35,2,0,19,28,1
26,2,0,23,37,1
18,1,0,14,15,0
58,1,0,12,27,0
18,1,0,14,30,0
43,0,0,23,27,0
58,1,0,12,8,0
27,3,0,19,19,1
12,3,0,19,8,1
53,2,0,12,6,1
17,2,0,4,23,1
57,2,0,12,16,1
40,2,0,19,32,1
30,2,0,19,30,1
58,2,0,20,19,1
50,2,0,12,4,1
51,2,0,12,23,1
43,2,0,12,7,1
45,2,0,12,55,1
33,0,0,19,33,0
53,2,1,23,14,1
49,0,1,23,7,0
12,4,1,14,49,1
31,1,1,19,17,0
55,3,1,12,29,1
12,0,1,4,17,0
64,2,1,20,30,1
38,1,1,23,15,0
54,4,1,12,2,1
10,4,1,14,25,1
15,4,1,4,36,1
61,0,1,12,6,0
50,2,1,23,7,1
9,1,1,4,17,0
27,1,1,23,17,0
34,2,1,19,17,1
44,1,1,23,10,0
12,0,2,4,8,0
0,1,2,9,7,0
26,4,2,13,14,1
41,3,2,21,6,1
12,3,2,8,47,1
15,4,2,8,14,1
52,0,2,11,8,0
62,0,2,15,4,0
66,0,2,15,6,0
52,0,2,11,5,0
49,0,2,22,38,0
4,1,2,11,11,0
58,1,3,11,18,0
61,2,3,15,8,1
69,4,3,15,14,1
69,0,3,15,7,0
62,0,3,15,16,0
51,0,3,11,7,0
69,4,3,15,18,1
67,1,3,15,7,0
67,1,0,20,30,0
23,4,0,4,16,1
35,2,0,19,20,1
53,1,0,12,12,0
54,1,0,12,12,0
0,1,0,14,12,0
62,0,0,12,5,0
9,1,0,14,10,0
6,3,0,4,44,1
34,2,0,19,14,1
64,2,0,20,12,1
62,3,1,12,7,1
12,1,1,14,8,0
15,1,1,14,26,0
24,1,1,19,15,0
62,1,1,12,3,0
44,1,1,23,11,0
23,3,1,4,24,1
27,1,1,19,15,0
53,3,1,12,11,1
55,3,1,12,54,1
13,4,1,4,14,1
59,0,1,12,11,0
27,3,1,4,4,1
58,1,1,12,5,0
10,4,1,14,40,1
44,1,1,12,9,0
39,1,1,23,11,0
44,1,1,23,6,0
59,0,2,11,27,0
40,4,2,21,11,1
2,3,2,9,8,1
58,1,2,11,13,0
61,1,2,15,7,0
2,0,2,9,27,0
54,0,2,11,16,0
52,0,2,11,11,0
55,4,2,11,2,1
67,1,3,15,6,0
63,0,3,5,6,0
26,1,3,13,21,0
47,0,0,12,10,0
52,1,0,12,20,0
6,3,0,19,11,1
10,1,0,14,26,0
44,1,0,3,5,0
64,1,0,20,40,0
19,0,0,4,15,0
55,1,0,12,19,0
34,0,0,19,36,0
57,0,0,12,6,0
20,4,0,4,8,1
23,1,0,4,23,0
2,1,0,19,17,0
23,1,0,4,14,0
34,0,0,19,14,0
23,1,0,14,21,0
12,3,0,4,9,1
51,4,0,12,8,1
1,1,0,14,4,0
1,1,0,14,5,0
46,1,0,3,11,0
12,0,0,19,15,0
10,0,0,19,3,0
63,0,1,20,18,0
8,3,1,14,6,1
2,1,1,14,19,0
37,0,1,19,9,0
63,1,1,12,14,0
65,1,1,20,14,0
44,1,1,3,8,0
34,0,1,19,4,0
20,4,1,4,18,1
34,0,1,19,16,0
24,2,1,3,3,1
57,2,1,12,9,1
53,1,1,3,13,0
61,0,1,3,6,0
64,0,1,3,7,0
8,4,1,14,22,1
64,1,1,3,9,0
18,0,1,19,20,0
24,1,1,19,18,0
5,3,1,19,20,1
29,1,1,12,14,0
47,3,1,3,14,1
34,0,1,12,24,0
64,0,1,20,11,0
15,1,1,14,16,0
8,4,2,4,23,1
7,0,2,9,7,0
16,0,2,9,10,0
9,4,2,9,8,1
63,1,2,11,14,0
65,0,2,11,35,0
28,1,2,0,17,0
24,0,2,13,19,0
12,3,2,22,16,1
63,1,2,11,46,0
64,0,2,11,30,0
69,1,2,11,55,0
0,3,2,22,6,1
8,2,2,9,7,1
17,1,2,22,19,0
64,3,2,11,11,1
8,0,2,9,29,0
6,1,2,9,9,0
52,0,2,9,5,0
12,3,2,22,13,1
56,0,2,5,6,0
23,1,3,22,16,0
67,0,3,11,14,0
27,1,3,13,14,0
6,1,3,9,15,0
66,0,3,5,12,0
64,1,3,5,5,0
21,1,3,22,6,0
7,4,3,9,5,1
52,0,3,11,8,0
13,0,3,22,15,0
27,4,0,8,7,1
5,0,0,16,4,0
40,4,0,8,5,1
40,0,0,8,8,0
1,0,0,16,50,0
18,3,0,8,17,1
52,0,0,10,28,0
13,2,0,25,19,1
63,1,0,18,22,0
31,3,0,8,13,1
27,0,1,8,8,0
3,1,1,25,38,0
64,4,1,18,24,1
62,3,1,18,13,1
18,4,1,25,5,1
66,0,1,18,29,0
12,0,1,25,15,0
37,0,1,8,15,0
57,1,1,10,28,0
69,3,1,25,22,1
12,0,2,23,6,0
7,1,2,3,16,0
12,0,2,23,9,0
64,2,2,12,8,1
68,1,2,12,13,0
38,1,2,24,9,0
34,2,2,19,8,1
12,1,2,23,13,0
56,0,2,20,10,0
12,1,2,23,17,0
11,1,2,23,16,0
58,0,2,12,5,0
34,2,2,23,21,1
41,4,2,23,14,1
19,0,3,19,8,0
6,3,3,19,9,1
19,0,3,3,7,0
3,1,3,23,5,0
68,1,3,20,39,0
64,2,3,12,8,1
17,1,3,23,21,0
57,4,3,12,16,1
35,2,3,23,55,1
12,0,3,23,10,0
25,0,3,19,9,0
21,1,3,23,49,0
50,4,3,12,33,1
23,3,3,3,22,1
12,0,3,23,6,0
30,1,3,24,39,0
12,1,3,23,7,0
21,1,3,3,32,0
15,1,3,23,29,0
15,0,0,23,33,0
56,4,0,12,9,1
15,0,0,23,8,0
13,1,0,25,7,0
24,0,0,8,28,0
20,3,0,25,25,1
43,0,0,10,8,0
2,3,0,16,4,1
14,1,0,25,11,0
15,3,0,25,7,1
61,0,0,18,11,0
24,3,0,10,39,1
61,0,0,18,12,0
44,1,0,10,14,0
1,0,0,16,12,0
2,0,0,16,17,0
24,4,0,8,13,1
27,4,0,8,24,1
18,4,0,25,22,1
47,1,0,10,17,0
19,1,1,25,12,0
42,1,1,10,12,0
12,0,1,25,16,0
62,1,1,18,8,0
2,0,1,16,57,0
27,4,1,8,15,1
66,0,1,18,13,0
43,0,1,8,8,0
43,4,1,8,3,1
43,0,2,23,18,0
55,1,2,12,17,0
12,3,2,22,4,1
35,2,2,21,13,1
55,3,2,12,7,1
10,0,2,14,7,0
55,3,2,12,3,1
63,1,2,20,19,0
1,4,2,14,12,1
9,1,2,22,7,0
37,1,2,23,3,0
32,4,2,21,7,1
12,3,2,3,19,1
45,1,2,23,11,0
63,4,2,20,22,1
49,1,2,12,21,0
37,1,2,23,10,0
2,1,2,14,30,0
32,0,2,21,4,0
55,3,2,12,2,1
6,1,2,12,15,0
52,0,3,12,4,0
52,4,3,12,6,1
67,0,3,20,16,0
19,2,3,22,19,1
54,0,3,12,1,0
53,2,3,12,18,1
49,3,3,12,12,1
15,3,3,22,12,1
23,0,3,14,4,0
4,2,0,14,7,1
15,0,0,22,8,0
10,0,0,16,33,0
12,1,0,25,14,0
55,1,0,10,21,0
63,3,0,18,12,1
69,0,0,18,20,0
44,1,0,11,10,0
34,0,0,15,15,0
15,0,0,25,24,0
12,3,1,25,15,1
63,1,1,18,24,0
63,1,1,18,3,0
5,0,1,16,5,0
26,4,1,15,31,1
18,0,1,16,55,0
44,1,1,11,15,0
49,1,2,12,4,0
58,1,2,12,16,0
34,0,2,19,24,0
41,3,2,23,3,1
32,0,2,19,8,0
58,1,2,23,13,0
32,0,2,23,5,0
15,2,2,3,7,1
41,3,2,23,10,1
49,4,2,12,8,1
50,3,2,12,19,1
41,3,2,23,12,1
53,3,2,12,12,1
18,1,2,3,9,0
35,2,2,19,10,1
53,1,2,12,31,0
34,2,2,19,11,1
51,1,2,12,7,0
34,2,2,19,16,1
4,4,2,14,19,1
20,1,2,14,6,0
7,0,2,3,4,0
11,3,2,14,20,1
13,0,2,3,21,0
15,2,2,3,10,1
58,1,2,12,27,0
44,1,2,23,4,0
2,1,3,14,27,0
39,1,3,23,5,0
10,3,3,14,28,1
2,1,3,3,6,0
32,0,3,19,28,0
12,1,3,3,5,0
42,0,3,23,53,0
2,0,3,14,3,0
56,4,3,12,13,1
56,2,3,12,9,1
32,0,3,20,40,0
23,1,3,3,52,0
56,3,3,12,3,1
53,4,3,12,6,1
56,3,3,12,1,1
18,1,0,3,14,0
55,1,0,11,36,0
58,2,0,11,14,1
53,1,0,11,16,0
67,0,0,15,5,0
15,1,0,22,16,0
14,4,0,22,10,1
26,4,0,13,37,1
0,2,0,9,7,1
11,1,0,9,13,0
42,2,0,21,7,1
27,4,0,15,6,1
8,0,0,15,8,0
36,3,1,21,11,1
66,0,1,15,9,0
11,3,1,22,6,1
6,1,2,14,33,0
34,0,2,19,36,0
20,0,2,4,22,0
12,3,2,8,13,1
34,0,2,19,49,0
15,1,2,4,16,0
56,3,2,12,5,1
41,0,2,23,3,0
34,0,2,23,21,0
6,3,2,14,3,1
53,4,2,12,4,1
54,3,2,12,2,1
2,1,2,14,42,0
23,3,2,4,21,1
44,1,2,23,9,0
44,1,2,14,5,0
33,1,3,19,25,0
6,1,3,3,8,0
35,2,3,19,12,1
26,1,3,19,11,0
23,0,3,14,7,0
51,0,3,12,3,0
47,3,3,12,15,1
44,0,3,23,55,0
10,0,3,14,6,0
19,0,3,14,6,0
44,0,3,14,10,0
50,0,3,14,5,0
54,3,3,12,2,1
34,1,3,23,8,0
58,4,3,12,11,1
30,1,0,13,25,0
43,1,0,21,23,0
5,4,0,9,12,1
23,1,0,22,26,0
55,3,0,11,4,1
6,2,0,9,13,1
57,1,0,11,12,0
13,1,0,22,13,0
21,3,0,22,7,1
2,0,0,9,6,0
12,1,0,11,30,0
23,1,0,11,17,0
14,0,1,11,7,0
66,0,1,15,12,0
0,0,1,9,3,0
46,0,1,21,19,0
67,0,1,15,3,0
50,0,1,11,8,0
65,0,1,15,7,0
57,1,1,11,15,0
30,0,2,8,21,0
2,0,2,16,44,0
43,0,2,8,20,0
29,0,2,8,7,0
45,4,2,7,12,1
15,1,2,4,16,0
20,0,2,16,8,0
29,4,2,8,19,1
34,1,2,8,7,0
64,4,2,18,18,1
28,0,2,8,14,0
2,0,3,16,25,0
34,1,3,8,12,0
69,4,3,7,20,1
12,0,3,16,12,0
59,4,3,10,5,1
67,0,0,15,14,0
12,1,0,22,14,0
19,2,0,22,13,1
40,0,0,21,15,0
66,1,0,15,6,0
57,0,1,5,10,0
57,2,1,5,7,1
67,0,1,15,8,0
18,4,1,22,43,1
24,4,1,15,24,1
66,1,2,15,9,0
37,1,2,7,16,0
6,0,2,25,14,0
12,1,2,25,12,0
15,4,2,16,34,1
28,4,2,8,38,1
2,1,2,16,14,0
56,0,2,2,23,0
62,0,2,18,12,0
24,4,3,8,7,1
5,1,3,25,12,0
21,1,3,25,13,0
62,1,3,18,20,0
65,0,3,18,27,0
23,1,3,25,47,0
33,1,3,8,15,0
65,0,3,8,11,0
21,2,3,25,17,1
6,0,3,16,44,0
35,0,0,8,15,0
56,1,0,12,15,0
26,1,0,19,17,0
63,1,0,20,19,0
37,1,0,23,16,0
58,0,0,12,11,0
64,1,0,20,15,0
28,1,0,19,21,0
35,1,0,19,20,0
47,0,0,23,18,0
44,1,0,23,21,0
50,4,0,12,2,1
19,1,0,19,11,0
12,1,0,22,16,0
0,1,0,14,12,0
10,0,0,19,28,0
0,1,1,14,30,0
65,1,1,12,21,0
31,0,1,23,7,0
35,2,1,19,6,1
28,1,1,23,19,0
35,3,1,19,21,1
35,2,1,19,12,1
57,1,1,12,9,0
24,1,1,19,15,0
12,0,1,19,12,0
15,4,1,23,11,1
4,1,1,14,11,0
31,1,1,19,21,0
46,1,1,23,12,0
69,0,2,12,6,0
6,1,2,5,26,0
25,1,2,8,32,0
0,0,2,5,3,0
15,1,2,25,9,0
22,4,2,25,28,1
15,3,2,25,32,1
24,4,2,8,5,1
69,1,2,18,9,0
19,1,3,25,42,0
69,0,3,18,6,0
64,1,3,18,8,0
40,0,3,7,36,0
9,1,3,5,6,0
69,0,3,18,37,0
34,4,3,8,12,1
51,1,0,24,20,0
54,1,0,12,15,0
63,0,0,20,11,0
40,4,0,24,7,1
49,1,0,12,26,0
28,1,0,24,24,0
42,3,0,12,15,1
37,1,0,3,42,0
39,1,0,24,30,0
43,1,0,12,30,0
23,1,0,3,17,0
12,1,0,3,4,0
55,3,0,12,4,1
62,1,0,12,25,0
34,0,0,19,35,0
8,0,0,14,16,0
6,3,0,14,54,1
42,2,0,19,3,1
58,3,0,12,4,1
6,3,0,14,30,1
19,0,0,14,14,0
31,0,0,19,13,0
15,1,0,3,4,0
37,1,1,12,4,0
45,1,1,24,12,0
42,2,1,24,16,1
15,1,1,14,21,0
13,1,1,3,8,0
26,1,1,19,4,0
20,1,1,19,5,0
7,1,1,14,24,0
46,0,1,19,2,0
23,4,1,24,10,1
44,1,1,24,6,0
10,4,2,14,13,1
68,0,2,12,16,0
63,0,2,15,26,0
28,2,2,13,16,1
55,2,2,11,9,1
59,1,2,15,14,0
63,1,2,15,32,0
58,2,2,11,12,1
24,2,2,13,58,1
25,2,2,13,43,1
30,2,2,13,42,1
29,2,2,13,42,1
50,1,2,11,11,0
11,1,2,9,13,0
15,1,2,0,13,0
67,0,2,15,5,0
23,1,2,22,16,0
0,1,2,15,19,0
61,0,3,15,5,0
61,0,3,15,7,0
63,1,3,15,7,0
43,1,3,21,32,0
68,3,0,15,6,1
35,2,0,19,15,1
34,2,0,19,13,1
44,1,0,12,52,0
47,1,0,23,34,0
63,0,0,20,10,0
63,3,0,20,11,1
2,0,0,14,9,0
58,4,0,23,8,1
62,0,0,12,13,0
7,1,0,14,19,0
53,4,0,12,15,1
24,1,0,19,6,0
58,4,0,12,14,1
64,0,0,4,10,0
68,3,0,4,7,1
52,1,0,4,4,0
15,0,0,4,7,0
68,0,0,4,15,0
44,1,1,23,8,0
12,1,1,25,13,0
44,1,1,23,11,0
7,1,1,14,14,0
46,1,1,23,13,0
14,2,1,4,9,1
49,4,1,12,9,1
32,0,1,19,16,0
9,1,1,25,12,0
23,3,1,4,11,1
9,1,1,14,23,0
55,1,1,12,13,0
15,0,1,25,31,0
17,0,1,25,9,0
46,3,1,23,23,1
66,0,1,20,21,0
33,1,1,19,24,0
68,0,1,20,9,0
63,4,2,15,24,1
61,0,2,15,27,0
42,3,2,21,14,1
68,0,2,15,3,0
61,1,2,15,10,0
61,1,2,15,19,0
68,0,2,15,5,0
64,0,2,15,2,0
21,1,2,13,17,0
17,1,2,5,8,0
54,1,2,11,12,0
64,4,3,15,15,1
50,1,3,11,11,0
64,0,3,15,4,0
66,0,3,15,7,0
62,3,3,15,8,1
46,0,3,21,9,0
66,0,0,12,24,0
8,1,0,14,11,0
44,1,0,23,40,0
49,3,0,23,18,1
0,1,0,4,1,0
56,3,0,12,25,1
24,1,0,19,32,0
50,1,0,12,25,0
53,3,0,12,6,1
24,2,0,19,7,1
15,1,0,4,8,0
69,0,0,20,13,0
44,0,0,12,10,0
7,4,0,12,27,1
68,0,0,12,17,0
30,1,0,12,35,0
0,1,0,14,38,0
14,0,1,4,6,0
64,0,1,20,11,0
53,4,1,19,19,1
40,0,1,19,10,0
22,1,1,4,16,0
23,1,1,4,5,0
68,0,1,12,25,0
63,4,1,20,25,1
0,3,1,14,38,1
58,1,1,12,22,0
34,0,1,19,6,0
8,1,1,14,9,0
0,3,1,12,34,1
68,0,1,20,26,0
28,1,1,19,18,0
66,1,1,12,25,0
62,4,2,15,18,1
52,0,2,15,15,0
20,0,2,9,8,0
2,1,2,9,12,0
63,1,2,15,7,0
61,1,2,15,8,0
46,2,2,21,5,1
55,0,2,11,8,0
63,0,2,15,2,0
63,1,2,15,5,0
63,0,2,15,17,0
13,4,3,9,5,1
1,2,3,9,4,1
0,2,3,9,9,1
61,1,3,11,4,0
59,0,3,11,6,0
15,4,0,25,19,1
4,1,0,25,19,0
28,1,0,8,12,0
6,4,0,16,13,1
36,1,0,7,8,0
27,1,0,12,10,0
38,3,0,7,8,1
49,1,0,10,15,0
59,1,1,10,44,0
58,0,1,10,22,0
69,0,1,10,25,0
63,1,1,18,28,0
24,0,1,10,58,0
62,1,1,18,13,0
54,0,1,10,11,0
54,0,1,10,2,0
51,1,2,11,4,0
67,0,2,15,9,0
52,1,2,11,7,0
57,0,2,15,7,0
45,1,2,21,24,0
57,0,2,11,7,0
41,1,2,15,12,0
68,1,0,18,46,0
13,4,0,16,27,1
63,3,0,18,13,1
67,0,0,18,10,0
49,0,1,10,51,0
1,1,1,16,15,0
63,0,2,23,4,0
63,3,2,23,23,1
51,1,3,23,27,0
1,1,3,23,58,0
1,4,2,14,26,1
9,1,2,14,18,0
8,0,2,14,24,0
11,1,3,14,42,0
50,3,3,12,13,1
52,1,3,12,24,0
21,0,3,4,24,0
57,3,3,12,14,1
10,0,3,14,15,0
56,1,3,12,26,0
19,1,3,19,16,0
53,2,3,3,18,1
65,4,3,12,22,1
2,2,3,14,20,1
20,0,3,4,18,0
50,1,3,12,15,0
56,3,3,12,6,1
61,0,3,20,7,0
46,1,0,17,39,0
62,0,0,18,14,0
21,3,0,25,13,1
2,0,0,25,20,0
43,0,0,17,17,0
50,1,0,10,26,0
22,4,0,25,27,1
19,0,0,25,26,0
25,1,0,25,52,0
25,1,0,25,32,0
66,4,0,18,10,1
32,1,1,8,32,0
61,0,1,18,6,0
63,4,1,10,14,1
24,1,1,25,5,0
27,3,1,8,17,1
35,1,1,8,5,0
52,0,1,10,3,0
15,0,1,2,10,0
27,4,1,8,31,1
31,0,2,8,26,0
56,0,2,12,9,0
55,1,2,12,10,0
14,4,2,4,17,1
33,0,2,23,12,0
16,2,2,4,26,1
60,0,2,20,40,0
43,1,2,23,6,0
25,0,2,19,20,0
22,0,2,19,15,0
50,3,2,12,2,1
2,3,2,4,9,1
25,0,2,19,3,0
41,0,2,23,52,0
18,0,2,4,8,0
44,1,2,12,14,0
47,3,2,14,33,1
43,1,3,23,13,0
34,1,3,19,21,0
50,4,3,12,6,1
31,0,3,19,17,0
59,0,3,12,21,0
42,0,3,23,5,0
42,0,3,23,2,0
8,0,3,4,32,0
33,1,3,19,14,0
69,4,3,20,26,1
51,1,3,12,14,0
22,4,3,4,32,1
59,0,3,12,16,0
8,0,3,14,22,0
56,0,3,12,2,0
31,2,3,19,12,1
21,0,3,14,21,0
57,1,3,12,16,0
53,1,3,12,25,0
47,3,3,23,27,1
7,0,3,4,9,0
50,0,3,12,15,0
1,1,3,14,21,0
40,0,0,23,4,0
47,3,0,21,7,1
64,0,0,15,14,0
52,0,0,11,7,0
56,4,0,15,11,1
9,0,0,9,35,0
69,4,0,15,10,1
55,1,0,11,14,0
24,4,0,13,8,1
38,4,0,15,10,1
69,0,0,15,9,0
24,1,0,11,8,0
58,1,1,11,24,0
64,1,1,15,18,0
37,0,1,21,39,0
1,0,1,9,51,0
51,1,1,15,7,0
39,0,1,21,40,0
18,1,2,4,15,0
33,3,2,19,12,1
23,3,2,4,23,1
62,0,2,20,20,0
8,4,2,14,20,1
34,1,2,19,11,0
43,3,2,23,9,1
46,3,2,23,9,1
26,1,2,19,27,0
65,3,2,12,16,1
36,0,2,23,4,0
23,3,2,4,21,1
13,0,2,14,35,0
43,0,2,23,6,0
27,0,2,19,3,0
20,1,2,14,13,0
14,3,2,4,7,1
34,1,2,4,14,0
56,0,3,23,21,0
9,3,3,14,44,1
56,1,3,23,20,0
56,0,3,25,10,0
15,0,3,4,13,0
41,0,3,23,6,0
15,0,3,25,10,0
51,1,3,25,4,0
44,3,3,23,8,1
49,1,3,12,3,0
12,0,3,4,7,0
16,1,3,4,14,0
21,1,3,14,18,0
64,3,3,3,18,1
3,1,3,14,11,0
34,1,0,13,51,0
25,0,0,22,2,0
24,1,0,13,33,0
69,0,0,15,6,0
39,1,0,0,21,0
21,0,0,22,12,0
63,1,0,15,9,0
54,3,0,11,5,1
68,0,0,15,4,0
1,1,0,11,6,0
43,0,0,15,6,0
38,0,1,21,21,0
63,4,1,15,20,1
12,3,1,22,29,1
60,3,1,15,6,1
43,3,1,21,35,1
64,0,1,15,12,0
50,0,1,15,8,0
63,4,1,15,14,1
16,1,1,11,10,0
8,0,1,9,6,0
14,0,1,15,27,0
49,1,1,11,1,0
14,3,1,22,34,1
15,0,2,25,5,0
63,0,2,18,4,0
14,3,2,25,27,1
1,1,3,16,33,0
9,3,3,25,25,1
65,4,3,18,3,1
63,4,3,18,4,1
28,4,3,8,13,1
33,3,3,8,6,1
34,4,3,8,8,1
22,1,3,25,54,0
8,4,3,16,45,1
24,1,3,8,6,0
51,0,3,10,8,0
51,0,3,10,14,0
7,1,0,25,10,0
58,4,0,15,18,1
11,2,0,9,21,1
12,0,0,22,29,0
65,1,0,15,25,0
66,0,0,15,21,0
9,4,0,9,13,1
47,3,0,21,12,1
59,0,0,15,3,0
56,4,0,15,13,1
49,1,0,15,23,0
60,3,0,15,15,1
65,3,0,15,8,1
20,1,0,22,5,0
50,3,0,15,5,1
41,0,0,5,4,0
7,4,0,15,13,1
43,3,1,21,7,1
47,0,1,21,3,0
61,4,1,15,7,1
9,0,1,9,15,0
56,1,1,15,12,0
53,0,1,19,32,0
49,1,1,19,8,0
53,0,1,19,4,0
55,1,1,19,14,0
42,3,1,21,27,1
42,3,1,15,5,1
22,0,2,25,43,0
33,1,2,8,17,0
13,4,3,25,26,1
20,1,3,25,27,0
47,0,3,7,56,0
22,0,3,25,45,0
20,1,3,25,42,0
13,1,3,16,19,0
32,2,3,8,2,1
27,0,3,8,6,0
31,2,3,7,19,1
23,2,3,25,20,1
34,1,3,8,15,0
0,1,0,9,6,0
57,0,0,11,7,0
55,0,0,11,21,0
15,1,0,9,10,0
20,1,0,15,7,0
39,1,1,21,15,0
56,0,1,11,10,0
69,0,1,15,5,0
20,1,1,0,22,0
50,1,1,11,13,0
49,1,1,11,14,0
55,4,1,11,4,1
24,4,1,21,10,1
69,0,1,15,4,0
46,3,1,15,10,1
64,1,1,15,3,0
62,1,1,15,13,0
29,3,1,21,13,1
68,1,1,15,17,0
38,1,1,21,7,0
64,3,1,15,5,1
9,1,2,9,45,0
0,1,2,9,48,0
6,1,2,9,54,0
8,4,2,5,5,1
21,1,2,11,16,0
55,1,3,11,13,0
3,0,3,9,3,0
60,3,3,5,4,1
64,1,3,5,4,0
63,1,3,11,42,0
55,0,3,11,32,0
8,0,3,22,10,0
0,4,3,9,15,1
64,1,3,5,4,0
64,0,0,5,11,0
60,2,0,20,12,1
42,3,0,19,35,1
11,0,0,4,42,0
64,0,0,12,10,0
23,0,0,4,24,0
50,1,0,12,7,0
4,1,0,4,8,0
17,0,0,4,13,0
6,1,0,14,16,0
59,4,1,12,12,1
32,0,1,4,14,0
15,1,1,14,8,0
51,0,1,12,14,0
42,3,1,12,11,1
0,1,1,14,16,0
53,0,1,12,16,0
28,4,1,12,37,1
12,3,1,4,7,1
23,2,1,4,19,1
50,0,1,20,6,0
50,4,1,12,7,1
17,1,1,4,8,0
61,3,1,19,33,1
67,3,1,19,30,1
69,0,1,19,34,0
11,4,1,14,14,1
61,3,1,20,29,1
44,3,1,12,32,1
20,3,1,4,9,1
64,0,2,15,5,0
58,0,2,11,6,0
61,3,2,15,32,1
6,4,2,9,31,1
66,1,2,15,16,0
53,4,2,15,8,1
60,0,2,15,40,0
64,0,2,15,17,0
50,1,2,11,12,0
68,4,2,15,10,1
28,0,2,15,5,0
64,4,3,15,13,1
29,0,3,21,28,0
7,0,3,9,5,0
66,1,3,15,6,0
50,2,3,11,13,1
42,1,3,15,7,0
60,0,0,15,6,0
64,0,0,15,3,0
64,0,0,15,10,0
0,0,0,14,20,0
6,3,0,4,50,1
54,1,0,12,4,0
61,3,0,7,12,1
27,1,0,19,26,0
68,4,0,12,23,1
69,1,0,12,22,0
43,0,0,18,12,0
4,1,0,14,20,0
24,1,0,19,12,0
21,0,0,4,19,0
57,0,0,12,5,0
51,3,0,12,1,1
27,3,0,12,10,1
46,0,1,18,7,0
69,0,1,20,24,0
25,0,1,19,7,0
19,3,1,19,14,1
30,3,1,19,12,1
60,4,1,12,21,1
0,1,1,14,5,0
23,0,1,14,26,0
29,3,1,19,35,1
21,3,1,4,23,1
22,2,1,12,6,1
34,4,1,12,12,1
20,0,1,4,8,0
15,0,1,4,11,0
64,4,2,15,11,1
13,1,2,22,5,0
61,3,2,15,7,1
68,4,2,15,15,1
46,0,2,21,27,0
14,4,2,9,28,1
50,0,2,11,5,0
45,1,2,21,12,0
30,1,2,5,24,0
2,0,2,11,21,0
25,1,2,11,14,0
57,0,3,11,17,0
31,0,3,22,16,0
62,1,3,22,8,0
53,1,3,11,11,0
60,0,3,15,57,0
55,4,0,15,12,1
67,0,0,15,4,0
15,0,0,22,25,0
67,0,0,18,27,0
23,0,0,25,16,0
58,4,0,10,26,1
64,2,0,18,6,1
30,1,0,12,12,0
34,3,0,12,17,1
31,1,0,12,6,0
52,0,0,10,8,0
52,4,0,10,5,1
54,0,0,10,17,0
9,4,0,16,11,1
61,4,1,18,7,1
21,0,1,25,20,0
55,0,1,10,22,0
0,1,1,25,14,0
6,1,1,25,10,0
67,4,1,18,12,1
45,0,1,7,8,0
58,0,1,8,4,0
33,0,1,8,13,0
3,1,1,25,7,0
22,2,1,12,6,1
28,1,1,8,4,0
29,4,2,8,39,1
63,2,2,15,20,1
55,1,2,15,4,0
6,1,2,9,6,0
58,1,2,11,21,0
23,0,2,15,20,0
13,4,2,15,11,1
15,3,3,22,6,1
28,0,3,5,13,0
61,3,3,15,13,1
63,3,3,15,10,1
63,0,3,15,3,0
69,0,3,15,7,0
6,1,0,25,13,0
46,4,0,7,21,1
29,4,0,8,13,1
23,4,0,25,18,1
23,1,0,25,16,0
29,4,0,8,11,1
23,4,1,25,20,1
58,4,1,10,24,1
56,0,1,10,22,0
67,4,1,18,21,1
50,4,1,10,22,1
24,1,1,8,15,0
6,1,1,25,20,0
13,4,1,25,19,1
24,0,1,8,34,0
14,0,1,25,4,0
29,4,1,8,24,1
27,0,1,8,15,0
21,0,1,25,7,0
29,4,1,8,23,1
50,0,1,10,28,0
27,0,1,8,42,0
29,4,1,8,23,1
9,0,2,2,16,0
6,3,2,14,25,1
1,0,2,4,11,0
15,4,2,4,43,1
27,2,2,19,49,1
43,0,2,23,9,0
4,1,2,14,12,0
43,0,2,23,18,0
42,1,2,19,9,0
9,1,2,14,36,0
44,4,2,23,23,1
12,4,2,4,10,1
20,0,2,4,24,0
6,1,2,14,41,0
57,1,2,12,43,0
23,1,2,14,40,0
39,3,2,23,8,1
41,0,2,12,15,0
22,2,2,4,19,1
56,0,2,12,27,0
2,1,2,23,12,0
5,1,2,14,30,0
27,0,3,19,17,0
51,3,3,12,5,1
38,0,3,23,12,0
18,1,3,4,7,0
34,1,3,3,23,0
5,0,3,14,7,0
53,3,3,12,8,1
3,1,3,14,16,0
28,0,3,3,11,0
66,0,3,12,3,0
65,0,3,23,16,0
38,1,3,12,11,0
9,3,3,14,14,1
32,0,3,3,13,0
15,0,3,4,7,0
62,4,3,20,23,1
0,4,3,14,26,1
60,1,0,20,12,0
0,1,0,16,15,0
63,0,0,18,11,0
40,0,0,8,7,0
26,2,0,8,20,1
11,0,0,15,27,0
57,2,0,10,50,1
61,0,0,18,31,0
6,2,0,16,7,1
21,2,0,25,26,1
50,3,0,10,42,1
24,2,0,8,26,1
31,2,0,8,53,1
34,2,0,8,33,1
36,2,0,7,5,1
42,2,0,7,46,1
45,2,0,8,36,1
39,2,0,7,27,1
62,1,0,18,7,0
6,1,0,16,50,0
50,0,0,10,50,0
16,0,1,25,26,0
22,0,1,25,55,0
64,1,1,18,14,0
4,1,1,16,55,0
31,4,1,8,3,1
33,1,1,8,12,0
24,1,1,8,13,0
53,3,1,10,24,1
34,2,1,8,9,1
55,0,1,10,8,0
28,1,1,8,34,0
31,0,1,8,16,0
64,1,1,18,7,0
11,2,1,25,23,1
9,0,2,4,9,0
33,1,2,24,9,0
30,3,2,12,9,1
27,1,2,12,22,0
38,3,2,24,5,1
63,3,2,20,27,1
34,0,2,24,25,0
12,1,2,4,27,0
27,0,2,12,7,0
0,1,2,14,28,0
26,1,2,12,15,0
10,1,2,4,45,0
6,1,2,14,15,0
29,0,2,24,9,0
38,3,2,23,12,1
4,1,2,14,22,0
56,2,2,21,11,1
49,1,2,23,11,0
18,1,2,12,42,0
34,2,2,24,13,1
4,1,2,14,26,0
32,1,2,23,18,0
22,2,2,4,16,1
52,2,2,23,4,1
66,1,2,20,20,0
10,1,2,14,7,0
42,3,2,23,23,1
15,0,2,4,19,0
15,0,2,4,6,0
11,3,3,4,20,1
47,0,3,23,24,0
35,2,3,12,26,1
65,3,3,20,16,1
35,2,3,12,8,1
9,4,3,14,21,1
15,1,3,4,24,0
18,0,3,4,21,0
30,3,3,24,8,1
66,1,3,12,11,0
34,2,3,24,11,1
5,1,3,14,13,0
47,3,3,23,4,1
34,0,3,24,10,0
34,0,3,24,15,0
69,0,3,20,15,0
16,1,3,4,27,0
41,0,3,23,8,0
26,0,3,24,12,0
9,3,3,4,23,1
2,0,3,14,15,0
19,1,0,25,31,0
34,2,0,8,25,1
24,1,0,8,9,0
28,0,0,8,11,0
19,1,0,25,29,0
15,0,0,25,20,0
19,0,0,25,24,0
64,1,1,18,9,0
1,1,1,16,11,0
61,0,1,18,4,0
27,4,1,8,27,1
64,0,1,18,22,0
28,1,1,8,9,0
23,2,1,16,23,1
50,3,1,10,4,1
15,4,1,25,11,1
10,4,2,14,11,1
11,0,2,4,21,0
42,3,2,18,12,1
55,1,2,20,12,0
34,2,2,19,21,1
7,1,2,14,17,0
67,1,2,20,36,0
45,1,2,18,9,0
44,1,2,18,10,0
0,1,2,14,22,0
33,0,2,19,34,0
42,0,2,18,3,0
45,1,2,12,7,0
23,2,2,4,56,1
49,0,2,12,7,0
55,1,2,18,11,0
42,3,2,18,18,1
20,1,2,4,15,0
49,4,2,12,18,1
19,3,2,4,8,1
19,0,2,4,21,0
15,1,2,14,13,0
55,0,2,19,31,0
47,0,2,18,6,0
53,3,2,14,6,1
12,4,3,4,14,1
24,0,3,12,25,0
55,0,3,12,9,0
17,3,3,14,7,1
19,1,3,4,23,0
58,4,3,12,3,1
26,0,3,19,5,0
58,2,3,12,34,1
7,0,3,4,14,0
23,0,3,4,33,0
40,1,3,12,59,0
10,1,3,14,27,0
11,3,3,14,44,1
23,0,3,4,31,0
69,0,0,15,11,0
69,1,0,11,5,0
42,3,0,21,6,1
13,4,0,22,5,1
39,4,0,21,3,1
30,0,0,11,11,0
2,0,0,22,18,0
38,2,0,21,7,1
60,4,0,15,4,1
38,0,0,21,3,0
43,0,0,15,41,0
8,4,1,9,11,1
42,3,1,9,6,1
38,3,1,21,20,1
7,0,1,9,2,0
21,0,1,22,15,0
0,3,1,9,2,1
65,1,1,15,18,0
69,0,2,15,17,0
0,1,2,16,18,0
62,0,2,18,7,0
2,4,2,25,5,1
29,0,2,8,32,0
14,3,2,25,25,1
0,3,2,25,13,1
8,0,2,16,21,0
61,0,2,18,12,0
24,4,2,8,7,1
10,4,3,16,19,1
24,1,3,8,6,0
55,1,3,10,14,0
21,0,3,25,12,0
13,4,3,25,17,1
53,1,3,10,19,0
24,4,3,8,10,1
19,4,3,25,47,1
63,1,3,18,51,0
7,1,3,16,20,0
19,0,3,25,49,0
29,4,3,8,4,1
32,0,0,21,9,0
68,1,0,15,22,0
54,1,0,11,34,0
32,1,0,9,19,0
11,2,0,9,8,1
41,1,0,21,14,0
12,3,0,22,19,1
62,1,0,15,7,0
7,1,0,22,15,0
54,1,0,11,12,0
41,3,1,21,8,1
55,2,1,11,8,1
68,0,1,15,9,0
63,2,1,15,12,1
61,2,1,15,14,1
15,0,1,22,27,0
41,2,1,21,4,1
69,3,2,14,33,1
67,0,2,14,8,0
24,0,2,8,3,0
24,0,3,8,3,0
69,1,3,14,8,0
37,0,3,8,8,0
39,2,3,8,6,1
20,4,3,25,16,1
10,1,3,8,14,0
50,0,3,10,43,0
28,2,3,8,5,1
61,3,3,14,12,1
62,1,3,14,24,0
63,1,3,14,25,0
25,1,3,8,19,0
22,4,3,25,18,1
49,0,0,11,24,0
38,2,0,21,4,1
14,2,0,22,21,1
68,1,0,15,14,0
26,2,0,21,7,1
19,2,0,22,18,1
35,1,0,21,15,0
55,1,0,11,5,0
61,3,0,15,5,1
44,0,0,21,5,0
14,3,0,15,32,1
64,1,0,15,2,0
38,3,1,21,12,1
12,3,1,22,21,1
37,3,1,21,37,1
58,1,1,15,15,0
55,1,1,11,29,0
60,3,1,15,15,1
59,0,1,15,8,0
13,4,2,25,18,1
56,4,2,10,23,1
14,0,2,25,5,0
61,0,2,18,21,0
23,2,2,18,42,1
28,2,2,10,31,1
36,1,2,10,25,0
27,0,2,10,10,0
21,0,2,2,4,0
26,4,3,10,2,1
63,1,3,10,7,0
46,0,3,10,45,0
63,1,3,18,13,0
42,0,3,18,41,0
57,1,3,10,8,0
7,1,0,25,11,0
34,1,0,25,12,0
53,4,0,12,21,1
63,1,0,20,52,0
16,1,0,4,15,0
23,1,0,24,19,0
60,1,0,12,9,0
35,2,0,19,6,1
46,3,0,19,11,1
0,1,0,24,13,0
6,4,0,4,12,1
22,0,0,4,10,0
30,0,0,19,26,0
8,1,0,24,21,0
54,0,0,20,4,0
0,1,0,24,10,0
46,2,0,24,5,1
0,1,0,24,8,0
45,1,0,12,15,0
41,1,0,23,19,0
44,0,1,23,10,0
27,0,1,19,7,0
55,4,1,12,15,1
0,1,1,24,26,0
19,3,1,24,3,1
15,3,1,23,25,1
42,3,1,24,18,1
60,0,1,20,7,0
3,0,1,19,22,0
22,1,1,24,16,0
19,3,1,23,10,1
50,1,1,23,2,0
60,0,1,12,7,0
13,1,1,4,12,0
61,3,1,12,28,1
45,1,1,4,16,0
37,4,1,23,7,1
21,1,1,4,14,0
22,2,1,4,21,1
62,1,2,20,18,0
50,3,2,18,2,1
15,1,2,25,23,0
0,1,2,25,8,0
33,1,2,8,9,0
56,0,2,10,4,0
15,1,3,25,23,0
59,4,3,10,4,1
24,0,3,8,31,0
69,0,3,10,11,0
25,4,3,8,10,1
36,0,3,7,7,0
11,0,3,25,4,0
56,0,3,10,15,0
23,0,3,25,13,0
15,1,0,4,16,0
0,1,0,4,50,0
58,3,0,12,11,1
23,1,0,14,26,0
13,1,0,4,35,0
63,1,0,20,29,0
41,0,0,23,9,0
55,1,0,12,4,0
47,0,0,12,14,0
37,0,0,12,13,0
30,3,1,23,14,1
61,0,1,23,31,0
4,1,1,14,23,0
30,3,1,19,10,1
24,4,1,4,7,1
23,4,1,4,31,1
30,3,1,19,16,1
69,2,1,20,17,1
18,1,1,19,24,0
55,1,1,12,7,0
19,2,1,4,51,1
56,3,1,12,2,1
61,0,2,20,11,0
63,1,2,18,8,0
62,0,2,18,3,0
17,1,2,22,12,0
61,0,2,18,3,0
56,0,2,18,11,0
60,1,2,11,3,0
25,0,2,21,15,0
7,1,2,22,8,0
1,3,2,22,6,1
61,4,2,18,8,1
38,0,2,18,11,0
63,1,3,18,2,0
5,4,3,5,3,1
54,1,3,11,1,0
15,4,3,22,26,1
41,0,3,21,4,0
24,4,3,21,3,1
65,3,3,21,4,1
22,0,3,11,10,0
65,0,3,5,3,0
69,1,0,11,20,0
60,4,0,20,22,1
27,1,0,4,12,0
28,0,0,19,23,0
57,0,0,12,11,0
19,1,0,4,31,0
54,1,0,12,18,0
57,1,0,12,24,0
15,0,0,4,12,0
54,3,0,12,3,1
12,3,0,4,8,1
49,4,0,12,3,1
56,1,0,12,10,0
23,0,0,4,16,0
23,0,0,23,6,0
24,4,1,12,4,1
67,1,1,12,21,0
23,1,1,4,19,0
12,4,1,4,17,1
41,1,1,23,3,0
23,2,1,4,16,1
3,0,1,14,5,0
61,0,1,20,26,0
4,0,2,14,8,0
14,0,2,22,33,0
2,0,2,22,19,0
29,4,2,21,44,1
65,0,2,15,5,0
6,1,2,11,12,0
68,1,3,15,12,0
65,0,3,15,6,0
68,0,3,15,4,0
65,0,3,15,9,0
65,0,3,15,19,0
11,3,3,22,40,1
5,0,3,5,17,0
63,0,0,15,4,0
3,0,0,12,30,0
29,4,0,8,13,1
38,1,0,8,44,0
7,1,0,12,36,0
38,0,0,8,5,0
6,1,0,14,8,0
23,0,0,12,10,0
30,0,0,12,8,0
37,0,0,12,14,0
18,0,0,12,22,0
45,4,0,8,20,1
20,1,0,14,7,0
33,1,0,8,9,0
34,3,0,8,10,1
37,0,0,8,35,0
16,4,0,12,48,1
37,2,1,8,19,1
45,1,1,8,14,0
22,0,1,12,20,0
62,0,1,2,19,0
45,1,1,8,18,0
37,1,1,8,15,0
51,0,1,2,11,0
28,1,1,8,24,0
21,0,1,12,30,0
11,1,1,14,59,0
63,0,2,2,8,0
61,0,2,15,7,0
15,1,2,5,11,0
62,0,2,15,4,0
43,1,2,0,15,0
2,0,2,11,7,0
5,0,2,22,36,0
57,0,3,11,8,0
65,3,3,11,7,1
58,0,3,11,9,0
64,0,0,11,11,0
24,4,0,8,15,1
5,0,0,25,33,0
56,1,0,18,4,0
20,4,0,25,10,1
20,1,0,25,12,0
13,3,0,25,34,1
24,4,0,8,4,1
64,1,0,18,10,0
5,1,0,25,17,0
50,0,0,10,6,0
12,4,1,25,8,1
53,0,1,10,56,0
5,1,1,25,44,0
31,0,1,8,3,0
63,0,1,18,3,0
40,4,2,7,10,1
45,0,2,23,7,0
20,4,2,4,16,1
21,1,2,14,22,0
47,0,2,22,17,0
32,0,2,19,6,0
37,2,2,23,5,1
18,4,2,4,12,1
34,0,2,19,14,0
20,4,2,4,8,1
31,0,2,19,6,0
45,0,2,12,6,0
15,0,2,4,10,0
24,1,2,19,13,0
61,0,2,20,16,0
15,0,2,12,23,0
19,1,2,12,37,0
53,4,3,12,11,1
45,0,3,12,13,0
6,1,3,14,25,0
44,0,3,12,7,0
43,0,3,12,29,0
57,0,3,12,8,0
4,4,3,4,15,1
13,0,3,4,13,0
58,1,3,12,21,0
35,2,3,19,13,1
47,1,3,23,11,0
13,4,3,4,11,1
44,0,3,23,8,0
67,0,3,20,26,0
8,0,3,14,18,0
22,1,0,25,23,0
56,0,0,10,12,0
12,3,0,25,40,1
29,3,0,8,16,1
68,4,0,18,22,1
56,0,0,10,41,0
69,1,1,18,22,0
12,4,1,25,6,1
62,1,1,18,3,0
22,0,1,25,16,0
34,1,1,8,19,0
64,0,1,18,9,0
4,1,1,25,33,0
17,3,1,25,56,1
